"No.","Ticker","Company","Sector","Industry","Country","Market Cap","P/E","Price","Change","Volume"
1,"A","Agilent Technologies Inc","Healthcare","Diagnostics & Research","USA",32674.48,25.49,115.62,-2.55%,2688965
2,"AA","Alcoa Corp","Basic Materials","Aluminum","USA",16672.56,15.89,63.18,0.86%,2794251
3,"AAAU","Goldman Sachs Physical Gold ETF","Financial","Exchange Traded Fund","USA",,,46.60,0.46%,1299932
4,"AAL","American Airlines Group Inc","Industrials","Airlines","USA",8829.49,43.58,13.35,1.29%,57836397
5,"AAOI","Applied Optoelectronics Inc","Technology","Communication Equipment","USA",11951.36,,148.94,-5.46%,20778601
6,"AAOX","Tradr 2X Long AAOI Daily ETF","Financial","Exchange Traded Fund","USA",,,45.14,-11.47%,7962947
7,"AAP","Advance Auto Parts Inc","Consumer Cyclical","Auto Parts","USA",3387.49,77.07,56.15,-1.89%,2258099
8,"AAPD","Direxion Daily AAPL Bear 1X ETF","Financial","Exchange Traded Fund","USA",,,12.07,-2.06%,4686546
9,"AAPL","Apple Inc","Technology","Consumer Electronics","USA",4308095.50,35.48,293.32,2.05%,52692761
10,"AAPU","Direxion Daily AAPL Bull 2X ETF","Financial","Exchange Traded Fund","USA",,,36.84,3.92%,3031538
11,"AAXJ","iShares MSCI All Country Asia ex Japan ETF","Financial","Exchange Traded Fund","USA",,,117.50,2.11%,1024176
12,"ABAT","American Battery Technology Company","Industrials","Waste Management","USA",417.52,,3.17,2.59%,6502088
13,"ABBV","Abbvie Inc","Healthcare","Drug Manufacturers - General","USA",356494.05,99.41,201.55,-0.57%,4915726
14,"ABCL","AbCellera Biologics Inc","Healthcare","Biotechnology","Canada",1588.56,,5.24,8.71%,10843234
15,"ABEO","Abeona Therapeutics Inc","Healthcare","Biotechnology","USA",336.59,5.92,5.90,2.25%,853847
16,"ABEV","Ambev SA ADR","Consumer Defensive","Beverages - Brewers","Brazil",51313.14,17.94,3.29,0.30%,73517059
17,"ABNB","Airbnb Inc","Consumer Cyclical","Travel Services","USA",85473.80,34.85,141.49,0.73%,7842947
18,"ABR","Arbor Realty Trust Inc","Real Estate","REIT - Mortgage","USA",1392.36,18.77,7.21,-11.75%,11954427
19,"ABSI","Absci Corp","Healthcare","Biotechnology","USA",919.84,,5.90,2.61%,7341561
20,"ABT","Abbott Laboratories","Healthcare","Medical Devices","USA",146869.62,23.49,84.32,-3.09%,10913488
21,"ABTC","American Bitcoin Corp","Financial","Capital Markets","USA",1261.93,,1.19,2.59%,9142764
22,"ABTS","Abits Group Inc","Financial","Capital Markets","Hong Kong",3.23,,1.09,-5.22%,176202
23,"ABUS","Arbutus Biopharma Corp","Healthcare","Biotechnology","USA",854.72,,4.34,-0.23%,752853
24,"ABVE","Above Food Ingredients Inc","Consumer Defensive","Packaged Foods","Canada",32.25,,0.63,-5.65%,2483074
25,"ACAD","Acadia Pharmaceuticals Inc","Healthcare","Biotechnology","USA",3835.68,10.20,22.40,-0.71%,2084365
26,"ACCO","Acco Brands Corp","Industrials","Business Equipment & Supplies","USA",372.72,5.14,4.04,-0.49%,612670
27,"ACDC","ProFrac Holding Corp","Energy","Oil & Gas Equipment & Services","USA",1204.93,,6.66,1.22%,1123030
28,"ACGL","Arch Capital Group Ltd","Financial","Insurance - Diversified","Bermuda",32772.74,7.20,93.80,-0.76%,1855955
29,"ACHC","Acadia Healthcare Company Inc","Healthcare","Medical Care Facilities","USA",2315.73,,25.18,2.94%,1811702
30,"ACHR","Archer Aviation Inc","Industrials","Aerospace & Defense","USA",4911.25,,6.48,3.18%,45655788
31,"ACI","Albertsons Companies Inc","Consumer Defensive","Grocery Stores","USA",7922.45,50.76,16.02,-0.99%,3957661
32,"ACLX","Arcellx Inc","Healthcare","Biotechnology","USA",6732.75,,115.07,0.00%,0
33,"ACM","AECOM","Industrials","Engineering & Construction","USA",10419.37,18.50,80.59,-1.08%,1175535
34,"ACMR","ACM Research Inc","Technology","Semiconductor Equipment & Materials","USA",3933.80,45.50,59.85,1.10%,1160155
35,"ACN","Accenture plc","Technology","Information Technology Services","Ireland",110766.92,14.78,180.42,0.13%,5695967
36,"ACRS","Aclaris Therapeutics Inc","Healthcare","Biotechnology","USA",688.54,,4.93,1.44%,1205870
37,"ACVA","ACV Auctions Inc","Consumer Cyclical","Auto & Truck Dealerships","USA",1119.09,,6.41,-1.38%,5670092
38,"ACWI","iShares MSCI ACWI ETF","Financial","Exchange Traded Fund","USA",,,155.38,0.94%,1953121
39,"ACWX","iShares MSCI ACWI ex US ETF","Financial","Exchange Traded Fund","USA",,,75.79,1.35%,1259680
40,"ACXP","Acurx Pharmaceuticals Inc","Healthcare","Biotechnology","USA",7.67,,2.09,-1.42%,60400
41,"ADBE","Adobe Inc","Technology","Software - Application","USA",102278.77,14.74,253.04,-1.35%,3667468
42,"ADBG","Leverage Shares 2X Long ADBE Daily ETF","Financial","Exchange Traded Fund","USA",,,4.82,-2.63%,2079036
43,"ADC","Agree Realty Corp","Real Estate","REIT - Retail","USA",9154.24,41.27,76.22,-0.14%,771629
44,"ADEA","Adeia Inc","Technology","Software - Application","USA",3256.97,27.36,29.53,7.70%,1320059
45,"ADI","Analog Devices Inc","Technology","Semiconductors","USA",203346.79,76.09,416.52,1.96%,3754419
46,"ADM","Archer Daniels Midland Co","Consumer Defensive","Farm Products","USA",37428.75,34.77,77.66,0.17%,2917063
47,"ADMA","Adma Biologics Inc","Healthcare","Biotechnology","USA",1893.58,12.05,8.17,-3.54%,10208409
48,"ADP","Automatic Data Processing Inc","Technology","Software - Application","USA",85141.40,19.85,212.99,-0.51%,2804143
49,"ADPT","Adaptive Biotechnologies Corp","Healthcare","Diagnostics & Research","USA",2210.21,,13.81,-5.99%,1522133
50,"ADSK","Autodesk Inc","Technology","Software - Application","USA",51625.01,46.74,244.50,-2.61%,1747871
51,"ADT","ADT Inc","Industrials","Security & Protection Services","USA",5425.20,9.73,6.87,-0.43%,17693055
52,"ADTN","ADTRAN Holdings Inc","Technology","Communication Equipment","USA",1210.11,,14.94,2.68%,1531828
53,"ADTX","Aditxt Inc","Healthcare","Biotechnology","USA",0.11,,0.12,1.89%,1875747
54,"AEE","Ameren Corp","Utilities","Utilities - Regulated Electric","USA",30174.57,19.59,109.07,0.28%,1754863
55,"AEG","Aegon Ltd","Financial","Insurance - Diversified","Netherlands",12500.98,11.77,8.31,0.97%,5388098
56,"AEHR","Aehr Test Systems","Technology","Semiconductor Equipment & Materials","USA",3058.20,,97.23,6.54%,3842808
57,"AEM","Agnico Eagle Mines Ltd","Basic Materials","Gold","Canada",96796.28,18.17,193.21,2.90%,1905669
58,"AEO","American Eagle Outfitters Inc","Consumer Cyclical","Apparel Retail","USA",2780.13,14.90,16.68,0.24%,2572318
59,"AEP","American Electric Power Company Inc","Utilities","Utilities - Regulated Electric","USA",70820.70,19.25,130.16,-1.21%,2660248
60,"AER","Aercap Holdings NV","Industrials","Rental & Leasing Services","Ireland",25031.48,6.57,150.00,1.02%,1921797
61,"AES","AES Corp","Utilities","Utilities - Diversified","USA",10219.55,7.41,14.33,0.28%,11248159
62,"AESI","Atlas Energy Solutions Inc","Energy","Oil & Gas Equipment & Services","USA",2336.98,,18.71,2.35%,2962420
63,"AEVA","Aeva Technologies Inc","Technology","Software - Infrastructure","USA",854.20,,13.57,-0.66%,1962002
64,"AFL","Aflac Inc","Financial","Insurance - Life","USA",57566.19,12.83,113.10,-0.44%,1509181
65,"AFRM","Affirm Holdings Inc","Financial","Credit Services","USA",21317.03,58.17,64.01,-4.97%,9412907
66,"AG","First Majestic Silver Corp","Basic Materials","Silver","Canada",10792.94,64.96,21.86,2.29%,12920625
67,"AGAE","Allied Gaming & Entertainment Inc","Communication Services","Entertainment","USA",16.97,,0.45,-13.46%,813157
68,"AGG","iShares Core U.S. Aggregate Bond ETF","Financial","Exchange Traded Fund","USA",,,99.18,0.23%,8205019
69,"AGH","Aureus Greenway Holdings Inc","Consumer Cyclical","Leisure","USA",89.93,,4.44,-2.20%,548437
70,"AGI","Alamos Gold Inc","Basic Materials","Gold","Canada",18217.43,17.25,43.38,2.38%,2942969
71,"AGIO","Agios Pharmaceuticals Inc","Healthcare","Biotechnology","USA",1652.72,,27.79,0.94%,582937
72,"AGNC","AGNC Investment Corp","Real Estate","REIT - Mortgage","USA",12466.51,9.00,10.86,1.31%,13189740
73,"AGNT","eXp World Holdings Inc","Real Estate","Real Estate Services","USA",1051.17,,6.60,-2.08%,1327002
74,"AGPU","Axe Compute Inc","Technology","Software - Infrastructure","USA",31.41,,5.67,-5.03%,245062
75,"AGQ","ProShares Ultra Silver 2x Shares","Financial","Exchange Traded Fund","USA",,,133.48,3.85%,3824783
76,"AGRO","Adecoagro SA","Consumer Defensive","Farm Products","Luxembourg",1894.77,,13.13,-1.80%,572034
77,"AGRZ","Agroz Inc","Consumer Defensive","Farm Products","Malaysia",7.67,,0.35,-1.53%,94017
78,"AHCO","AdaptHealth Corp","Healthcare","Medical Devices","USA",1537.41,,11.30,-3.67%,1484518
79,"AHMA","Ambitions Enterprise Management Co LLC","Consumer Cyclical","Travel Services","United Arab Emirates",41.59,125.89,1.41,-19.89%,752634
80,"AHR","American Healthcare REIT Inc","Real Estate","REIT - Healthcare Facilities","USA",10024.95,89.56,51.71,4.25%,2664552
81,"AHRT","AH Realty Trust Inc","Real Estate","REIT - Diversified","USA",619.07,,6.37,-0.47%,646359
82,"AI","C3.ai Inc","Technology","Software - Infrastructure","USA",1434.02,,9.87,3.03%,4339056
83,"AIB","BlockchAIn Digital Infrastructure Inc","Technology","Software - Application","USA",44.40,,1.18,0.85%,251591
84,"AIFC","AI Financial Corp","Technology","Software - Infrastructure","USA",124.65,,0.98,-0.99%,2779156
85,"AIFF","Firefly Neuroscience Inc","Technology","Software - Application","USA",27.96,,1.89,-0.53%,210704
86,"AIG","American International Group Inc","Financial","Insurance - Diversified","USA",40486.55,13.49,76.36,-0.09%,4752759
87,"AIM","AIM ImmunoTech Inc","Healthcare","Biotechnology","USA",2.75,,0.34,-39.66%,3314065
88,"AIOT","PowerFleet Inc","Technology","Software - Infrastructure","USA",457.44,,3.41,0.29%,1096205
89,"AIQ","Global X Artificial Intelligence & Technology ETF","Financial","Exchange Traded Fund","USA",,,62.31,3.87%,2382122
90,"AIRS","Airsculpt Technologies Inc","Healthcare","Medical Care Facilities","USA",272.31,,3.86,11.56%,2419126
91,"AIV","Apartment Investment & Management Co","Real Estate","REIT - Residential","USA",610.01,,4.24,-1.62%,1476554
92,"AIXI","Xiao-I Corp ADR","Technology","Software - Application","China",8.21,,0.61,-15.60%,7814010
93,"AJG","Arthur J. Gallagher & Co","Financial","Insurance Brokers","USA",51089.70,32.10,198.87,-1.52%,1601271
94,"AKAM","Akamai Technologies Inc","Technology","Software - Infrastructure","USA",21746.32,49.75,147.71,26.58%,21492867
95,"AKAN","Akanda Corp","Healthcare","Drug Manufacturers - Specialty & Generic","United Kingdom",14.43,,27.00,-27.40%,406479
96,"AKBA","Akebia Therapeutics Inc","Healthcare","Drug Manufacturers - Specialty & Generic","USA",311.18,,1.16,-1.69%,4397994
97,"AKR","Acadia Realty Trust","Real Estate","REIT - Retail","USA",2956.42,72.69,21.77,-0.77%,640535
98,"ALAB","Astera Labs Inc","Technology","Semiconductors","USA",34245.59,134.67,199.79,2.12%,4610117
99,"ALB","Albemarle Corp","Basic Materials","Specialty Chemicals","USA",24002.06,,203.52,2.61%,3130040
100,"ALBT","Avalon GloboCare Corp","Real Estate","Real Estate Services","USA",3.33,,0.40,-1.23%,75747
101,"ALC","Alcon Inc","Healthcare","Medical Instruments & Supplies","Switzerland",30491.74,37.74,62.56,-2.07%,4537692
102,"ALDX","Aldeyra Therapeutics Inc","Healthcare","Biotechnology","USA",104.36,,1.73,0.00%,827589
103,"ALGM","Allegro Microsystems Inc","Technology","Semiconductors","USA",9069.99,,48.95,2.13%,2540502
104,"ALGN","Align Technology Inc","Healthcare","Medical Instruments & Supplies","USA",12087.71,28.29,168.78,0.23%,835856
105,"ALHC","Alignment Healthcare Inc","Healthcare","Healthcare Plans","USA",3706.74,196.17,17.93,-1.75%,3870062
106,"ALIT","Alight Inc","Technology","Software - Application","USA",499.97,,0.94,7.48%,26018052
107,"ALK","Alaska Air Group Inc","Industrials","Airlines","USA",4550.76,76.34,40.84,0.62%,2207006
108,"ALKS","Alkermes plc","Healthcare","Drug Manufacturers - Specialty & Generic","Ireland",5831.99,38.90,34.99,-1.16%,2616429
109,"ALKT","Alkami Technology Inc","Technology","Software - Application","USA",1923.13,,17.97,3.10%,1503884
110,"ALL","Allstate Corp","Financial","Insurance - Property & Casualty","USA",54869.27,4.70,213.15,-0.24%,1482576
111,"ALLO","Allogene Therapeutics Inc","Healthcare","Biotechnology","USA",755.31,,2.28,0.44%,4476509
112,"ALLY","Ally Financial Inc","Financial","Credit Services","USA",13560.58,10.78,44.24,1.03%,4657117
113,"ALM","Almonty Industries Inc","Basic Materials","Other Industrial Metals & Mining","USA",5517.68,,19.68,-0.71%,4940441
114,"ALMS","Alumis Inc","Healthcare","Biotechnology","USA",3009.54,,23.66,-0.42%,977298
115,"ALMU","Aeluma Inc","Technology","Semiconductors","USA",439.45,,24.41,1.84%,1226028
116,"ALNY","Alnylam Pharmaceuticals Inc","Healthcare","Biotechnology","USA",39392.88,70.10,295.05,-0.29%,926772
117,"ALOY","REalloys Inc","Basic Materials","Other Industrial Metals & Mining","USA",591.73,,9.89,3.56%,1252739
118,"ALP","Alpha Compute Corp","Financial","Asset Management","United Kingdom",5.62,,0.24,-7.81%,41088975
119,"ALT","Altimmune Inc","Healthcare","Biotechnology","USA",600.56,,3.09,1.64%,2858248
120,"ALTO","Alto Ingredients Inc","Basic Materials","Specialty Chemicals","USA",344.73,12.17,4.46,-1.76%,2553852
121,"AM","Antero Midstream Corp","Energy","Oil & Gas Midstream","USA",9936.58,24.52,20.92,-1.51%,2348934
122,"AMAT","Applied Materials Inc","Technology","Semiconductor Equipment & Materials","USA",345569.48,44.60,435.44,6.04%,8165197
123,"AMBP","Ardagh Metal Packaging SA","Consumer Cyclical","Packaging & Containers","Luxembourg",2390.80,,4.00,1.01%,539543
124,"AMC","AMC Entertainment Holdings Inc","Communication Services","Entertainment","USA",918.10,,1.50,-1.32%,18668852
125,"AMCR","Amcor Plc","Consumer Cyclical","Packaging & Containers","Switzerland",18461.46,27.52,39.93,0.03%,3838074
126,"AMD","Advanced Micro Devices Inc","Technology","Semiconductors","USA",742233.08,149.39,455.19,11.44%,58134868
127,"AMDD","Direxion Daily AMD Bear 1X ETF","Financial","Exchange Traded Fund","USA",,,3.64,-11.44%,25178265
128,"AMDL","GraniteShares 2x Long AMD Daily ETF","Financial","Exchange Traded Fund","USA",,,55.74,22.80%,20567832
129,"AME","Ametek Inc","Industrials","Specialty Industrial Machinery","USA",53266.78,35.11,232.40,-0.99%,1267648
130,"AMGN","AMGEN Inc","Healthcare","Drug Manufacturers - General","USA",179021.23,23.07,331.70,0.79%,2443294
131,"AMH","American Homes 4 Rent","Real Estate","REIT - Residential","USA",11652.38,25.96,32.03,-1.20%,3416913
132,"AMKR","AMKOR Technology Inc","Technology","Semiconductor Equipment & Materials","USA",18989.51,43.70,76.61,6.01%,5324313
133,"AMLP","Alerian MLP ETF","Financial","Exchange Traded Fund","USA",,,53.16,-0.37%,1667956
134,"AMLX","Amylyx Pharmaceuticals Inc","Healthcare","Drug Manufacturers - Specialty & Generic","USA",1637.77,,14.73,-3.09%,1892476
135,"AMN","AMN Healthcare Services Inc","Healthcare","Medical Care Facilities","USA",1119.87,,28.97,29.04%,3823940
136,"AMOD","Alpha Modus Holdings Inc","Technology","Software - Application","USA",11.79,,0.23,0.70%,647863
137,"AMPL","Amplitude Inc","Technology","Software - Application","USA",847.18,,6.39,8.12%,4386960
138,"AMPX","Amprius Technologies Inc","Industrials","Electrical Equipment & Parts","USA",2365.17,,16.70,3.66%,12488115
139,"AMRX","Amneal Pharmaceuticals Inc","Healthcare","Drug Manufacturers - Specialty & Generic","USA",4211.10,35.39,13.20,-3.79%,1519984
140,"AMRZ","Amrize Ltd","Basic Materials","Building Materials","USA",29234.20,25.30,52.89,-1.08%,2544371
141,"AMSC","American Superconductor Corp","Industrials","Specialty Industrial Machinery","USA",2627.72,18.84,55.19,3.70%,859757
142,"AMT","American Tower Corp","Real Estate","REIT - Specialty","USA",82244.10,28.50,176.53,-1.80%,3510339
143,"AMTM","Amentum Holdings Inc","Industrials","Specialty Business Services","USA",5983.73,60.93,24.53,-0.12%,2029504
144,"AMTX","Aemetis Inc","Basic Materials","Specialty Chemicals","USA",182.25,,2.59,-16.99%,2563079
145,"AMX","America Movil SAB de CV ADR","Communication Services","Telecom Services","Mexico",83278.92,17.32,27.21,1.72%,981796
146,"AMZD","Direxion Daily AMZN Bear 1X ETF","Financial","Exchange Traded Fund","USA",,,8.37,-0.48%,7856881
147,"AMZE","Amaze Holdings Inc","Technology","Software - Application","USA",4.63,,0.13,1.88%,91394113
148,"AMZN","Amazon.com Inc","Consumer Cyclical","Internet Retail","USA",2933248.51,32.59,272.68,0.56%,34732681
149,"AMZU","Direxion Daily AMZN Bull 2X ETF","Financial","Exchange Traded Fund","USA",,,45.10,0.89%,1965923
150,"ANET","Arista Networks Inc","Technology","Computer Hardware","USA",178517.16,48.54,141.77,0.01%,20371617
151,"ANF","Abercrombie & Fitch Co","Consumer Cyclical","Apparel Retail","USA",3503.66,7.40,77.99,-0.66%,793467
152,"ANGI","Angi Inc","Communication Services","Internet Content & Information","USA",235.81,14.22,5.83,11.26%,3490218
153,"ANGL","VanEck Fallen Angel High Yield Bond ETF","Financial","Exchange Traded Fund","USA",,,29.17,0.31%,473679
154,"ANGX","Angel Studios Inc","Communication Services","Entertainment","USA",624.48,,3.35,12.04%,2116859
155,"ANNA","AleAnna Inc","Energy","Oil & Gas E&P","USA",214.63,72.85,3.22,2.55%,757531
156,"ANNX","Annexon Inc","Healthcare","Biotechnology","USA",924.67,,5.69,3.08%,2011729
157,"ANTX","AN2 Therapeutics Inc","Healthcare","Biotechnology","USA",160.54,,4.46,-3.04%,241951
158,"AON","Aon Plc","Financial","Insurance Brokers","Ireland",66804.74,17.16,312.79,-0.26%,1179163
159,"AOS","A.O. Smith Corp","Industrials","Specialty Industrial Machinery","USA",8076.76,15.63,58.60,-2.71%,1859570
160,"APA","APA Corp","Energy","Oil & Gas E&P","USA",12569.40,8.29,35.56,-1.88%,9087183
161,"APD","Air Products & Chemicals Inc","Basic Materials","Specialty Chemicals","USA",65782.10,31.25,295.41,0.14%,607384
162,"APG","APi Group Corp","Industrials","Engineering & Construction","USA",19255.52,,44.04,-1.32%,2362282
163,"APH","Amphenol Corp","Technology","Electronic Components","USA",157506.92,36.79,128.03,-6.29%,18190977
164,"APLD","Applied Digital Corp","Technology","Information Technology Services","USA",11788.01,,41.25,-0.67%,19715612
165,"APLE","Apple Hospitality REIT Inc","Real Estate","REIT - Hotel & Motel","USA",3335.63,19.49,14.13,1.73%,3388789
166,"APLS","Apellis Pharmaceuticals Inc","Healthcare","Biotechnology","USA",5252.71,41.01,41.03,0.05%,7067495
167,"APLX","Tradr 2X Long APLD Daily ETF","Financial","Exchange Traded Fund","USA",,,29.47,-0.84%,1150004
168,"APO","Apollo Global Management Inc","Financial","Asset Management","USA",76792.13,87.59,133.20,4.23%,4769194
169,"APP","Applovin Corp","Communication Services","Advertising Agencies","USA",157555.28,41.33,468.55,-6.08%,7766914
170,"APPS","Digital Turbine Inc","Technology","Software - Application","USA",484.40,,4.04,1.25%,1507613
171,"APPX","Tradr 2X Long APP Daily ETF","Financial","Exchange Traded Fund","USA",,,36.11,-12.03%,2191517
172,"APTV","Aptiv Plc","Consumer Cyclical","Auto Parts","Switzerland",12261.29,34.25,57.94,1.45%,5007547
173,"AQN","Algonquin Power & Utilities Corp","Utilities","Utilities - Diversified","Canada",4805.56,29.39,6.07,-3.34%,7607747
174,"AQST","Aquestive Therapeutics Inc","Healthcare","Drug Manufacturers - Specialty & Generic","USA",536.91,,4.32,2.13%,1893103
175,"AR","Antero Resources Corp","Energy","Oil & Gas E&P","USA",11135.51,11.65,35.94,-1.18%,3020332
176,"ARAI","Arrive AI Inc","Technology","Scientific & Technical Instruments","USA",32.27,,0.68,-1.74%,1247133
177,"ARAY","Accuray Inc","Healthcare","Medical Devices","USA",45.21,,0.38,29.65%,4103617
178,"ARBE","Arbe Robotics Ltd","Technology","Scientific & Technical Instruments","Israel",98.24,,0.80,0.12%,557306
179,"ARCC","Ares Capital Corp","Financial","Asset Management","USA",13649.62,11.69,19.01,0.26%,4777720
180,"ARCO","Arcos Dorados Holdings Inc","Consumer Cyclical","Restaurants","USA",1900.18,8.96,9.02,0.78%,1247750
181,"ARDX","Ardelyx Inc","Healthcare","Biotechnology","USA",1674.86,,6.78,-2.87%,5863188
182,"ARE","Alexandria Real Estate Equities Inc","Real Estate","REIT - Office","USA",8061.71,,46.26,1.49%,2226044
183,"AREC","American Resources Corp","Basic Materials","Coking Coal","USA",227.12,,2.24,-1.32%,1486071
184,"ARES","Ares Management Corp","Financial","Asset Management","USA",41642.66,58.45,126.25,2.52%,4015619
185,"ARHS","Arhaus Inc","Consumer Cyclical","Specialty Retail","USA",919.02,14.24,6.51,-8.06%,1954025
186,"ARI","Apollo Commercial Real Estate Finance Inc","Real Estate","REIT - Mortgage","USA",1461.35,13.68,11.00,0.82%,760155
187,"ARIS","Aris Mining Corp","Basic Materials","Gold","Canada",4064.11,23.72,19.70,3.63%,1079048
188,"ARKB","ARK 21Shares Bitcoin ETF","Financial","Exchange Traded Fund","USA",,,26.60,0.08%,947213
189,"ARKG","ARK Genomic Revolution ETF","Financial","Exchange Traded Fund","USA",,,30.48,0.33%,6210916
190,"ARKK","ARK Innovation ETF","Financial","Exchange Traded Fund","USA",,,79.12,1.53%,6382799
191,"ARLO","Arlo Technologies Inc","Industrials","Building Products & Equipment","USA",1656.30,54.76,15.25,2.35%,4022480
192,"ARM","Arm Holdings Plc ADR","Technology","Semiconductors","United Kingdom",226492.74,251.97,213.27,-0.02%,11610259
193,"ARMG","Leverage Shares 2X Long ARM Daily ETF","Financial","Exchange Traded Fund","USA",,,17.47,-0.06%,4140716
194,"ARMK","Aramark","Industrials","Specialty Business Services","USA",11848.65,37.90,45.08,0.04%,1976088
195,"AROC","Archrock Inc","Energy","Oil & Gas Equipment & Services","USA",6477.67,20.07,36.96,-2.99%,2006174
196,"ARQT","Arcutis Biotherapeutics Inc","Healthcare","Biotechnology","USA",2648.02,,21.17,2.47%,2715306
197,"ARR","ARMOUR Residential REIT Inc","Real Estate","REIT - Mortgage","USA",2186.93,9.13,17.63,0.46%,4993350
198,"ARRY","Array Technologies Inc","Technology","Solar","USA",1318.29,,8.57,4.51%,5111872
199,"ARTL","Artelo Biosciences Inc","Healthcare","Biotechnology","USA",2.38,,2.54,-5.22%,91091
200,"ARWR","Arrowhead Pharmaceuticals Inc","Healthcare","Biotechnology","USA",10238.90,,72.69,-6.75%,2700204
201,"ARX","Accelerant Holdings","Financial","Insurance Brokers","Cayman Islands",2956.79,,13.20,-2.65%,883342
202,"ARXS","Arxis Inc","Industrials","Aerospace & Defense","USA",14405.39,,35.10,0.20%,751171
203,"AS","Amer Sports Inc","Consumer Cyclical","Leisure","Finland",20835.13,47.34,36.03,-1.26%,3241109
204,"ASAN","Asana Inc","Technology","Software - Application","USA",1578.52,,6.63,-5.96%,7506132
205,"ASB","Associated Banc-Corp","Financial","Banks - Regional","USA",4737.63,9.93,28.55,0.28%,1713374
206,"ASBP","Aspire Biopharma Holdings Inc","Healthcare","Biotechnology","USA",0.93,,0.19,19.35%,31284927
207,"ASHR","Xtrackers Harvest CSI 300 China A-Shares ETF","Financial","Exchange Traded Fund","USA",,,35.73,0.51%,3767314
208,"ASM","Avino Silver & Gold Mines Ltd","Basic Materials","Other Precious Metals & Mining","Canada",1159.48,39.61,6.90,0.58%,4201758
209,"ASML","ASML Holding NV","Technology","Semiconductor Equipment & Materials","Netherlands",613596.36,53.08,1592.02,4.97%,2288336
210,"ASO","Academy Sports and Outdoors Inc","Consumer Cyclical","Specialty Retail","USA",3483.79,9.73,54.11,1.05%,1036402
211,"ASPI","ASP Isotopes Inc","Basic Materials","Chemicals","USA",677.36,,5.38,0.94%,2427735
212,"ASPN","Aspen Aerogels Inc","Industrials","Building Products & Equipment","USA",417.44,,5.04,-1.56%,2013090
213,"ASST","Strive Inc","Financial","Asset Management","USA",1101.42,,15.92,2.98%,2442596
214,"ASTC","Astrotech Corp","Technology","Scientific & Technical Instruments","USA",4.87,,2.77,0.36%,13369
215,"ASTI","Ascent Solar Technologies Inc","Technology","Solar","USA",40.88,,4.32,11.34%,989970
216,"ASTL","Algoma Steel Group Inc","Basic Materials","Steel","Canada",539.34,,5.14,-1.34%,782268
217,"ASTS","AST SpaceMobile Inc","Technology","Communication Equipment","USA",29124.59,,75.05,14.84%,22685040
218,"ASTX","Tradr 2X Long ASTS Daily ETF","Financial","Exchange Traded Fund","USA",,,26.39,28.11%,6555742
219,"ASX","ASE Technology Holding CoLtd ADR","Technology","Semiconductors","Taiwan",75098.57,50.46,34.23,2.67%,10086021
220,"ATAI","AtaiBeckley Inc","Healthcare","Biotechnology","USA",1478.68,,4.03,0.50%,3860158
221,"ATAT","Atour Lifestyle Holdings Ltd ADR","Consumer Cyclical","Lodging","China",4300.36,23.57,38.09,-0.37%,1187753
222,"ATCH","AtlasClear Holdings Inc","Financial","Capital Markets","USA",38.47,,0.26,-3.71%,3708366
223,"ATEC","Alphatec Holdings Inc","Healthcare","Medical Devices","USA",1156.50,,7.52,-2.97%,5095611
224,"ATEN","A10 Networks Inc","Technology","Software - Infrastructure","USA",2001.55,45.44,27.80,1.94%,1134253
225,"ATER","Aterian Inc","Consumer Cyclical","Furnishings, Fixtures & Appliances","USA",11.91,,1.10,-9.84%,505842
226,"ATI","ATI Inc","Industrials","Metal Fabrication","USA",21615.55,52.23,158.39,-2.63%,2594577
227,"ATMU","Atmus Filtration Technologies Inc","Consumer Cyclical","Auto Parts","USA",4540.17,21.74,55.59,1.37%,1153675
228,"ATO","Atmos Energy Corp","Utilities","Utilities - Regulated Gas","USA",30190.79,22.26,180.87,-0.54%,1136916
229,"ATOM","Atomera Inc","Technology","Semiconductor Equipment & Materials","USA",325.61,,8.41,3.83%,1404054
230,"ATPC","Agape ATP Corp","Consumer Defensive","Packaged Foods","Malaysia",2.37,,2.37,-10.90%,48243
231,"ATRA","Atara Biotherapeutics Inc","Healthcare","Biotechnology","USA",70.99,2.86,8.34,-16.01%,3002953
232,"ATYR","Atyr Pharma Inc","Healthcare","Biotechnology","USA",92.79,,0.95,2.66%,905145
233,"AU","AngloGold Ashanti Plc","Basic Materials","Gold","United Kingdom",54050.95,15.70,107.03,6.78%,2752431
234,"AUB","Atlantic Union Bankshares Corp","Financial","Banks - Regional","USA",5432.67,16.14,37.96,0.37%,707347
235,"AUPH","Aurinia Pharmaceuticals Inc","Healthcare","Biotechnology","Canada",1958.60,7.04,15.23,0.59%,1541876
236,"AUR","Aurora Innovation Inc","Consumer Cyclical","Auto Parts","USA",13885.32,,7.08,-0.84%,28192178
237,"AUTL","Autolus Therapeutics plc ADR","Healthcare","Biotechnology","United Kingdom",417.84,,1.57,-2.48%,1204349
238,"AUUD","Auddia Inc","Technology","Software - Application","USA",0.73,,1.46,-7.01%,361197
239,"AVAH","Aveanna Healthcare Holdings Inc","Healthcare","Medical Care Facilities","USA",1466.02,6.63,6.74,-2.88%,927626
240,"AVAV","AeroVironment Inc","Industrials","Aerospace & Defense","USA",8403.39,,168.29,0.07%,918267
241,"AVB","Avalonbay Communities Inc","Real Estate","REIT - Residential","USA",25607.75,22.91,184.08,-0.92%,2001230
242,"AVDE","Avantis International Equity ETF","Financial","Exchange Traded Fund","USA",,,91.13,1.06%,1154705
243,"AVEM","Avantis Emerging Markets Equity ETF","Financial","Exchange Traded Fund","USA",,,95.66,2.05%,1414415
244,"AVEX","AEVEX Corp","Industrials","Aerospace & Defense","USA",2858.98,,25.07,5.20%,1368009
245,"AVGO","Broadcom Inc","Technology","Semiconductors","USA",2035907.23,83.88,430.00,4.23%,22561421
246,"AVLN","Avalyn Pharma Inc","Healthcare","Biotechnology","USA",1142.67,,27.33,1.49%,290423
247,"AVNS","Avanos Medical Inc","Healthcare","Medical Devices","USA",1161.25,,24.80,0.12%,965890
248,"AVPT","AvePoint Inc","Technology","Software - Infrastructure","USA",2417.00,56.21,11.40,10.47%,6561737
249,"AVS","Direxion Daily AVGO Bear 1X ETF","Financial","Exchange Traded Fund","USA",,,7.26,-4.10%,3876029
250,"AVT","Avnet Inc","Technology","Electronics & Computer Distribution","USA",6733.36,31.97,82.09,1.52%,1210937
251,"AVTR","Avantor Inc","Healthcare","Medical Instruments & Supplies","USA",5673.70,,8.31,0.00%,14978176
252,"AVTX","Avalo Therapeutics Inc","Healthcare","Biotechnology","USA",576.23,,21.57,-5.68%,1780361
253,"AVUV","Avantis U.S. Small Cap Value ETF","Financial","Exchange Traded Fund","USA",,,119.84,0.55%,1167131
254,"AVXL","Anavex Life Sciences Corp","Healthcare","Biotechnology","USA",298.40,,3.22,3.21%,735529
255,"AWK","American Water Works Co Inc","Utilities","Utilities - Regulated Water","USA",24419.83,22.13,125.05,-0.91%,1305624
256,"AXGN","Axogen Inc","Healthcare","Medical Devices","USA",2236.66,,42.06,-3.11%,565038
257,"AXIA","Axia Energia ADR","Utilities","Utilities - Renewable","Brazil",23499.56,17.50,11.99,1.70%,1903658
258,"AXON","Axon Enterprise Inc","Industrials","Aerospace & Defense","USA",32526.16,161.53,403.54,-5.47%,1747360
259,"AXP","American Express Co","Financial","Credit Services","USA",215635.62,19.71,316.03,-0.83%,6802230
260,"AXTA","Axalta Coating Systems Ltd","Basic Materials","Specialty Chemicals","USA",6234.37,17.06,29.13,1.96%,1804119
261,"AXTI","AXT Inc","Technology","Semiconductor Equipment & Materials","USA",6467.15,,116.36,7.32%,13175146
262,"AXTX","Tradr 2X Long AXTI Daily ETF","Financial","Exchange Traded Fund","USA",,,55.20,14.00%,4243445
263,"AZI","Autozi Internet Technology (Global) Ltd","Consumer Cyclical","Auto & Truck Dealerships","China",5.78,,1.27,0.79%,18852
264,"AZN","Astrazeneca plc","Healthcare","Drug Manufacturers - General","United Kingdom",283572.93,27.47,182.85,0.18%,1910491
265,"AZTA","Azenta Inc","Healthcare","Medical Instruments & Supplies","USA",885.30,,19.22,3.50%,1022031
266,"AZTR","Azitra Inc","Healthcare","Biotechnology","USA",3.79,,0.23,-1.43%,282738
267,"B","Barrick Mining Corp","Basic Materials","Gold","Canada",72258.28,14.63,43.13,3.08%,14655914
268,"BA","Boeing Co","Industrials","Aerospace & Defense","USA",187111.44,122.04,237.36,2.74%,7525274
269,"BABA","Alibaba Group Holding Ltd ADR","Consumer Cyclical","Internet Retail","China",336010.94,26.04,140.06,-0.67%,10062052
270,"BAC","Bank Of America Corp","Financial","Banks - Diversified","USA",364126.06,12.73,51.31,-2.73%,36111192
271,"BAH","Booz Allen Hamilton Holding Corp","Industrials","Consulting Services","USA",9290.59,11.45,77.04,0.25%,1253721
272,"BAI","iShares A.I. Innovation and Tech Active ETF","Financial","Exchange Traded Fund","USA",,,46.98,4.08%,2160033
273,"BAK","Braskem SA ADR","Basic Materials","Chemicals","Brazil",636.64,,3.69,0.00%,1474390
274,"BALL","Ball Corp","Consumer Cyclical","Packaging & Containers","USA",15580.74,16.95,58.52,0.19%,3155616
275,"BAM","Brookfield Asset Management Ltd","Financial","Asset Management","USA",81515.34,32.04,49.76,1.99%,6155675
276,"BANC","Banc of California Inc","Financial","Banks - Regional","USA",3032.55,14.66,19.04,-0.68%,3187956
277,"BANL","CBL International Ltd","Energy","Oil & Gas Midstream","Malaysia",13.90,,0.51,1.63%,53517
278,"BATL","Battalion Oil Corp","Energy","Oil & Gas E&P","USA",62.04,,2.89,1.05%,4754291
279,"BAX","Baxter International Inc","Healthcare","Medical Instruments & Supplies","USA",9291.28,,17.99,2.86%,7866017
280,"BB","BlackBerry Ltd","Technology","Software - Infrastructure","Canada",3744.80,73.98,6.37,4.43%,56713928
281,"BBAI","BigBear.ai Holdings Inc","Technology","Information Technology Services","USA",2002.01,,4.18,0.24%,35188379
282,"BBBY","Bed Bath & Beyond Inc","Consumer Cyclical","Internet Retail","USA",391.87,,5.30,-1.12%,1655873
283,"BBD","Banco Bradesco SA ADR","Financial","Banks - Regional","Brazil",19802.40,9.29,3.75,0.27%,25162113
284,"BBGI","Beasley Broadcast Group Inc","Communication Services","Broadcasting","USA",30.94,,17.13,-1.89%,23428
285,"BBIO","BridgeBio Pharma Inc","Healthcare","Biotechnology","USA",13199.09,,67.39,-0.09%,5401590
286,"BBJP","JPMorgan BetaBuilders Japan ETF","Financial","Exchange Traded Fund","USA",,,74.88,1.22%,781170
287,"BBNX","Beta Bionics Inc","Healthcare","Medical Devices","USA",430.02,,9.65,-8.10%,755534
288,"BBVA","Banco Bilbao Vizcaya Argentaria SA ADR","Financial","Banks - Diversified","Spain",124144.39,10.18,22.28,1.87%,1108690
289,"BBWI","Bath & Body Works Inc","Consumer Cyclical","Specialty Retail","USA",3973.28,6.26,19.73,2.23%,6045819
290,"BBY","Best Buy Co Inc","Consumer Cyclical","Specialty Retail","USA",12421.29,11.77,59.40,1.47%,2329128
291,"BCE","BCE Inc","Communication Services","Telecom Services","Canada",22511.27,4.93,24.14,-1.75%,3426486
292,"BCI","abrdn Bloomberg All Commodity Strategy K-1 Free ETF","Financial","Exchange Traded Fund","USA",,,24.88,0.20%,946802
293,"BCRX","Biocryst Pharmaceuticals Inc","Healthcare","Drug Manufacturers - Specialty & Generic","USA",2190.88,,8.62,-3.15%,6164545
294,"BCS","Barclays plc ADR","Financial","Banks - Diversified","United Kingdom",80699.35,9.72,23.71,1.80%,6329541
295,"BDMD","Baird Medical Investment Holdings Limited","Healthcare","Medical Devices","China",71.71,,1.75,-5.91%,266713
296,"BDN","Brandywine Realty Trust","Real Estate","REIT - Office","USA",541.85,,3.11,0.00%,1509144
297,"BDX","Becton Dickinson & Co","Healthcare","Medical Instruments & Supplies","USA",41174.01,37.89,149.43,-2.50%,4481962
298,"BE","Bloom Energy Corp","Industrials","Electrical Equipment & Parts","USA",74248.39,,261.03,0.92%,14413753
299,"BEAM","Beam Therapeutics Inc","Healthcare","Biotechnology","USA",3325.06,,32.32,2.70%,2853187
300,"BEAT","HeartBeam Inc","Healthcare","Health Information Services","USA",47.74,,0.89,2.24%,377178
301,"BEKE","KE Holdings Inc ADR","Real Estate","Real Estate Services","China",20219.58,53.02,18.87,2.50%,5928364
302,"BEN","Franklin Resources Inc","Financial","Asset Management","USA",16134.73,23.72,31.05,1.74%,2965220
303,"BEPC","Brookfield Renewable Corp","Utilities","Utilities - Renewable","USA",6612.81,,36.68,-1.27%,1525375
304,"BETA","BETA Technologies Inc","Industrials","Aerospace & Defense","USA",4291.74,,18.68,3.84%,1559412
305,"BEZ","Tradr 2X Short BE Daily ETF","Financial","Exchange Traded Fund","USA",,,2.53,-1.75%,5519120
306,"BF-B","Brown-Forman Corp","Consumer Defensive","Beverages - Wineries & Distilleries","USA",12811.46,16.10,27.68,1.10%,4509754
307,"BFLY","Butterfly Network Inc","Healthcare","Medical Devices","USA",1086.88,,4.16,-1.89%,4957579
308,"BFRG","Bullfrog AI Holdings Inc","Healthcare","Health Information Services","USA",12.18,,0.66,1.59%,290875
309,"BG","Bunge Global SA","Consumer Defensive","Farm Products","USA",24240.62,29.08,124.94,0.96%,1380263
310,"BGC","BGC Group Inc","Financial","Capital Markets","USA",5466.21,31.01,11.39,0.89%,5065536
311,"BGS","B&G Foods Inc","Consumer Defensive","Packaged Foods","USA",430.20,,5.35,-1.29%,1508500
312,"BHC","Bausch Health Companies Inc","Healthcare","Drug Manufacturers - Specialty & Generic","Canada",2147.51,,5.75,0.35%,1250669
313,"BHP","BHP Group Limited ADR","Basic Materials","Other Industrial Metals & Mining","Australia",215217.61,21.01,84.72,2.63%,2000007
314,"BHVN","Biohaven Ltd","Healthcare","Biotechnology","USA",1484.53,,9.86,1.23%,1978694
315,"BIAF","BioAffinity Technologies Inc","Healthcare","Diagnostics & Research","USA",9.13,,2.03,-4.25%,185174
316,"BIDU","Baidu Inc ADR","Communication Services","Internet Content & Information","China",39244.34,93.71,141.05,0.84%,5215554
317,"BIIB","Biogen Inc","Healthcare","Drug Manufacturers - General","USA",28560.40,20.76,193.45,1.08%,931578
318,"BIL","State Street SPDR Bloomberg 1-3 Month T-Bill ETF","Financial","Exchange Traded Fund","USA",,,91.46,0.02%,8043387
319,"BILI","Bilibili Inc ADR","Communication Services","Internet Content & Information","China",7432.46,59.80,22.06,0.36%,2179721
320,"BILL","BILL Holdings Inc","Technology","Software - Application","USA",4139.52,,41.83,11.07%,7354824
321,"BINC","iShares Flexible Income Active ETF","Financial","Exchange Traded Fund","USA",,,52.36,0.19%,1467039
322,"BIP","Brookfield Infrastructure Partners L.P","Utilities","Utilities - Diversified","Bermuda",16988.56,55.94,36.77,-0.54%,783778
323,"BIPC","Brookfield Infrastructure Corp","Utilities","Utilities - Regulated Gas","USA",5186.84,,38.99,-0.38%,725021
324,"BIRD","Allbirds Inc","Consumer Cyclical","Apparel Retail","USA",49.07,,5.60,-9.97%,495200
325,"BIRK","Birkenstock Holding Plc","Consumer Cyclical","Footwear & Accessories","United Kingdom",7234.86,17.17,39.34,0.77%,1533920
326,"BITB","Bitwise Bitcoin ETF","Financial","Exchange Traded Fund","USA",,,43.54,0.05%,673574
327,"BITI","ProShares Short Bitcoin ETF","Financial","Exchange Traded Fund","USA",,,21.78,-0.18%,980577
328,"BITO","ProShares Bitcoin ETF","Financial","Exchange Traded Fund","USA",,,10.96,0.00%,115184510
329,"BITU","ProShares Ultra Bitcoin ETF","Financial","Exchange Traded Fund","USA",,,15.85,0.13%,3184484
330,"BITX","2x Bitcoin Strategy ETF","Financial","Exchange Traded Fund","USA",,,20.17,0.02%,6836252
331,"BIV","Vanguard Intermediate-Term Bond ETF","Financial","Exchange Traded Fund","USA",,,77.01,0.27%,2086130
332,"BIYA","Baiya International Group Inc","Technology","Software - Application","China",2.62,,1.04,-10.34%,656704
333,"BIZD","VanEck BDC Income ETF","Financial","Exchange Traded Fund","USA",,,12.90,-1.00%,4452080
334,"BJ","BJ's Wholesale Club Holdings Inc","Consumer Defensive","Discount Stores","USA",12056.03,21.23,92.97,-1.44%,2211551
335,"BK","Bank Of New York Mellon Corp","Financial","Banks - Diversified","USA",89572.47,16.17,130.50,-0.15%,3881607
336,"BKD","Brookdale Senior Living Inc","Healthcare","Medical Care Facilities","USA",3099.49,,12.98,-4.28%,5118271
337,"BKKT","Bakkt Inc","Technology","Software - Infrastructure","USA",301.04,,9.85,15.20%,2527775
338,"BKLN","Invesco Senior Loan ETF","Financial","Exchange Traded Fund","USA",,,20.65,-0.05%,7097888
339,"BKNG","Booking Holdings Inc","Consumer Cyclical","Travel Services","USA",128575.57,21.81,165.93,-3.12%,8860999
340,"BKR","Baker Hughes Co","Energy","Oil & Gas Equipment & Services","USA",63383.27,20.37,63.89,0.57%,7859568
341,"BKSY","BlackSky Technology Inc","Industrials","Specialty Business Services","USA",1463.95,,39.45,22.36%,3266561
342,"BKV","BKV Corp","Energy","Oil & Gas E&P","USA",3040.95,8.41,27.80,-3.97%,1193735
343,"BL","BlackLine Inc","Technology","Software - Application","USA",1796.78,72.19,30.63,-1.73%,857084
344,"BLCR","iShares Large Cap Core Active ETF","Financial","Exchange Traded Fund","USA",,,49.67,1.57%,264249
345,"BLDP","Ballard Power Systems Inc","Industrials","Electrical Equipment & Parts","Canada",1242.76,,4.13,-12.13%,12144114
346,"BLDR","Builders Firstsource Inc","Industrials","Building Products & Equipment","USA",8325.13,29.55,77.40,-2.53%,2024375
347,"BLMN","Bloomin Brands Inc","Consumer Cyclical","Restaurants","USA",695.19,32.35,8.12,2.14%,6772604
348,"BLND","Blend Labs Inc","Technology","Software - Application","USA",354.82,,1.38,-14.81%,4123441
349,"BLNK","Blink Charging Co","Industrials","Engineering & Construction","USA",121.43,,0.85,6.57%,2464830
350,"BLSH","Bullish","Technology","Software - Infrastructure","Cayman Islands",6562.19,,43.66,5.97%,1527637
351,"BLZE","Backblaze Inc","Technology","Software - Infrastructure","USA",448.80,,7.48,-0.27%,2515884
352,"BMBL","Bumble Inc","Communication Services","Internet Content & Information","USA",469.93,,3.62,4.62%,4205805
353,"BMEA","Biomea Fusion Inc","Healthcare","Biotechnology","USA",111.34,,1.54,-5.52%,1089300
354,"BMNG","Leverage Shares 2X Long BMNR Daily ETF","Financial","Exchange Traded Fund","USA",,,28.77,0.77%,214668
355,"BMNR","BitMine Immersion Technologies Inc","Financial","Capital Markets","USA",12627.52,,22.17,0.77%,28943947
356,"BMNU","T-REX 2X Long BMNR Daily Target ETF","Financial","Exchange Traded Fund","USA",,,2.09,1.70%,95579820
357,"BMNZ","Defiance Daily Target 2X Short BMNR ETF","Financial","Exchange Traded Fund","USA",,,14.40,-1.84%,1342772
358,"BMRN","Biomarin Pharmaceutical Inc","Healthcare","Biotechnology","USA",10448.96,39.45,54.06,-0.11%,1972417
359,"BMY","Bristol-Myers Squibb Co","Healthcare","Drug Manufacturers - General","USA",114682.72,15.76,56.16,-0.16%,10033022
360,"BN","Brookfield Corp","Financial","Asset Management","Canada",105328.32,96.87,47.08,1.23%,4556298
361,"BNAI","Brand Engagement Network Inc","Technology","Software - Infrastructure","USA",130.40,,22.26,0.68%,261676
362,"BND","Vanguard Total Bond Market ETF","Financial","Exchange Traded Fund","USA",,,73.55,0.26%,7382796
363,"BNDX","Vanguard Total International Bond ETF","Financial","Exchange Traded Fund","USA",,,48.14,0.12%,3288119
364,"BNL","Broadstone Net Lease Inc","Real Estate","REIT - Diversified","USA",3808.48,30.60,19.86,0.00%,1395753
365,"BNO","United States Brent Oil Fund LP","Financial","Exchange Traded Fund","USA",,,53.11,-1.04%,4028644
366,"BNS","Bank Of Nova Scotia","Financial","Banks - Diversified","Canada",95558.05,16.09,77.53,-0.72%,1272166
367,"BNTX","BioNTech SE ADR","Healthcare","Biotechnology","Germany",23802.33,,94.12,1.19%,1035633
368,"BOBS","Bob's Discount Furniture Inc","Consumer Cyclical","Specialty Retail","USA",1778.25,,13.64,7.66%,2268325
369,"BOIL","ProShares Ultra Bloomberg Natural Gas 2x Shares","Financial","Exchange Traded Fund","USA",,,12.64,-2.17%,7353991
370,"BORR","Borr Drilling Ltd","Energy","Oil & Gas Drilling","Bermuda",1800.05,37.96,5.85,0.17%,5637611
371,"BOX","Box Inc","Technology","Software - Infrastructure","USA",3560.92,43.52,25.72,0.12%,2336936
372,"BOXL","Boxlight Corp","Technology","Consumer Electronics","USA",3.77,,0.94,-5.74%,160005
373,"BOXX","Alpha Architect 1-3 Month Box ETF","Financial","Exchange Traded Fund","USA",,,116.65,0.03%,1967487
374,"BP","BP plc ADR","Energy","Oil & Gas Integrated","United Kingdom",111600.07,36.12,43.34,-1.07%,10274128
375,"BR","Broadridge Financial Solutions Inc","Technology","Information Technology Services","USA",17290.92,16.00,149.50,-2.22%,1650453
376,"BRBR","Bellring Brands Inc","Consumer Defensive","Packaged Foods","USA",1198.82,7.98,10.31,-1.43%,6097822
377,"BRK-B","Berkshire Hathaway Inc","Financial","Insurance - Diversified","USA",1028317.20,14.17,475.94,0.18%,5225588
378,"BRKR","Bruker Corp","Healthcare","Medical Devices","USA",6722.17,,44.16,0.98%,2636870
379,"BRLS","Borealis Foods Inc","Consumer Defensive","Packaged Foods","Canada",31.34,,1.46,-5.19%,32727
380,"BRO","Brown & Brown Inc","Financial","Insurance Brokers","USA",19133.61,18.18,56.45,-2.76%,3616474
381,"BROS","Dutch Bros Inc","Consumer Cyclical","Restaurants","USA",8685.74,83.15,52.71,-1.55%,5805185
382,"BRSL","Brightstar Lottery PLC","Consumer Cyclical","Gambling","United Kingdom",2472.02,35.14,13.05,2.84%,1219886
383,"BRTX","BioRestorative Therapies Inc","Healthcare","Biotechnology","USA",5.24,,0.21,-8.53%,1613624
384,"BRX","Brixmor Property Group Inc","Real Estate","REIT - Retail","USA",9156.01,20.71,29.84,-0.83%,3079380
385,"BRZE","Braze Inc","Technology","Software - Application","USA",2464.11,,21.72,-3.89%,3357690
386,"BSOL","Bitwise Solana Staking ETF","Financial","Exchange Traded Fund","USA",,,12.50,4.95%,2813005
387,"BSV","Vanguard Short-Term Bond ETF","Financial","Exchange Traded Fund","USA",,,78.15,0.10%,1699772
388,"BSX","Boston Scientific Corp","Healthcare","Medical Devices","USA",80159.13,22.61,53.93,-4.67%,20841332
389,"BSY","Bentley Systems Inc","Technology","Software - Application","USA",9935.10,37.44,32.76,-2.56%,2714288
390,"BTAI","BioXcel Therapeutics Inc","Healthcare","Drug Manufacturers - Specialty & Generic","USA",33.03,,1.22,-1.61%,565031
391,"BTAL","AGF U.S. Market Neutral Anti-Beta Fund","Financial","Exchange Traded Fund","USA",,,12.02,-1.48%,674635
392,"BTBT","Bit Digital Inc","Financial","Capital Markets","USA",587.84,,1.80,-1.64%,26516088
393,"BTC","Grayscale Bitcoin Mini Trust ETF","Financial","Exchange Traded Fund","USA",,,35.47,0.06%,1022582
394,"BTCZ","T-Rex 2X Inverse Bitcoin Daily Target ETF","Financial","Exchange Traded Fund","USA",,,3.81,-0.13%,11374964
395,"BTDR","Bitdeer Technologies Group","Technology","Software - Application","Singapore",3247.01,922.60,13.47,-2.67%,5939353
396,"BTE","Baytex Energy Corp","Energy","Oil & Gas E&P","Canada",3574.68,24.28,4.83,-0.62%,14642198
397,"BTG","B2gold Corp","Basic Materials","Gold","Canada",7119.17,14.48,5.30,7.07%,34043938
398,"BTI","British American Tobacco Plc ADR","Consumer Defensive","Tobacco","United Kingdom",126448.95,12.70,58.28,0.34%,3670386
399,"BTQ","BTQ Technologies Corp","Technology","Software - Infrastructure","Canada",436.64,,3.11,-2.81%,1249315
400,"BTSG","BrightSpring Health Services Inc","Healthcare","Health Information Services","USA",10632.55,50.97,54.83,3.57%,1877122
401,"BTU","Peabody Energy Corp","Energy","Thermal Coal","USA",2873.26,,23.59,-1.99%,2363126
402,"BUD","Anheuser-Busch InBev SA/NV ADR","Consumer Defensive","Beverages - Brewers","Belgium",138106.64,23.50,79.89,-0.45%,1288768
403,"BUFR","FT Vest Laddered Buffer ETF","Financial","Exchange Traded Fund","USA",,,36.05,0.25%,889890
404,"BUG","Global X Cybersecurity ETF","Financial","Exchange Traded Fund","USA",,,30.81,5.01%,1663877
405,"BULL","Webull Corp","Technology","Software - Application","USA",3738.69,,7.03,-2.50%,8139970
406,"BULZ","MicroSectorsTM Solactive FANG Innovation 3X Leveraged ETNs","Financial","Exchange Traded Fund","USA",,,45.37,11.45%,1191573
407,"BUR","Burford Capital Limited","Financial","Asset Management","United Kingdom",1126.02,,5.14,-0.39%,5043165
408,"BURU","Nuburu Inc","Industrials","Specialty Industrial Machinery","USA",38.65,,0.23,-7.20%,13608219
409,"BVN","Compania de Minas Buenaventura SA ADR","Basic Materials","Other Precious Metals & Mining","Peru",8971.54,9.17,35.36,4.21%,774573
410,"BW","Babcock & Wilcox Enterprises Inc","Industrials","Specialty Industrial Machinery","USA",1973.69,,14.54,-2.02%,2546369
411,"BWA","BorgWarner Inc","Consumer Cyclical","Auto Parts","USA",12577.65,37.10,61.32,5.40%,3138544
412,"BWIN","Baldwin Insurance Group Inc","Financial","Insurance Brokers","USA",2877.01,,20.18,-3.81%,1098573
413,"BX","Blackstone Inc","Financial","Asset Management","USA",151100.28,31.75,123.77,1.18%,3294471
414,"BXMT","Blackstone Mortgage Trust Inc","Real Estate","REIT - Mortgage","USA",3226.92,31.49,19.13,-0.10%,865961
415,"BXP","BXP Inc","Real Estate","REIT - Office","USA",10404.20,29.83,59.43,-0.05%,1836671
416,"BXSL","Blackstone Secured Lending Fund","Financial","Asset Management","USA",5625.53,12.67,24.18,-0.74%,2865259
417,"BYND","Beyond Meat Inc","Consumer Defensive","Packaged Foods","USA",429.33,,0.83,-6.69%,77804547
418,"BZ","Kanzhun Ltd ADR","Communication Services","Internet Content & Information","China",5641.37,17.11,14.02,-1.54%,4223507
419,"BZAI","Blaize Holdings Inc","Technology","Software - Application","USA",229.63,,1.87,2.19%,8931787
420,"C","Citigroup Inc","Financial","Banks - Diversified","USA",215306.64,15.56,125.55,-2.74%,17505541
421,"CABA","Cabaletta Bio Inc","Healthcare","Biotechnology","USA",632.63,,3.88,-3.00%,4663327
422,"CADL","Candel Therapeutics Inc","Healthcare","Biotechnology","USA",611.61,,8.35,7.19%,2533636
423,"CAG","Conagra Brands Inc","Consumer Defensive","Packaged Foods","USA",6760.32,,14.13,-1.60%,10376056
424,"CAH","Cardinal Health Inc","Healthcare","Medical Distribution","USA",43011.90,28.08,183.65,-0.88%,3260786
425,"CAI","Caris Life Sciences Inc","Healthcare","Biotechnology","USA",4563.67,,16.15,-18.60%,8874447
426,"CAIIU","Collective Acquisition Corp II","Financial","Shell Companies","USA",219.12,,9.96,0.00%,261416
427,"CAKE","Cheesecake Factory Inc","Consumer Cyclical","Restaurants","USA",3063.10,18.06,61.65,1.40%,1743573
428,"CALX","Calix Inc","Technology","Software - Infrastructure","USA",2757.95,88.75,43.24,-0.64%,541133
429,"CALY","Callaway Golf Co","Consumer Cyclical","Leisure","USA",3188.22,,17.52,18.62%,8090564
430,"CAN","Canaan Inc ADR","Technology","Computer Hardware","Singapore",329.60,,0.51,-1.07%,8163248
431,"CANF","Can-Fite Biopharma Ltd ADR","Healthcare","Biotechnology","Israel",7.51,,3.51,-0.85%,29684
432,"CANG","Cango Inc","Financial","Capital Markets","China",246.20,,0.69,25.62%,3940992
433,"CAPR","Capricor Therapeutics Inc","Healthcare","Biotechnology","USA",1757.18,,30.38,-10.49%,3708649
434,"CAPS","Capstone Holding Corp","Basic Materials","Building Materials","USA",4.45,,0.37,-2.63%,311911
435,"CAR","Avis Budget Group Inc","Industrials","Rental & Leasing Services","USA",5148.62,,145.75,-5.39%,1253029
436,"CARG","CarGurus Inc","Consumer Cyclical","Auto & Truck Dealerships","USA",3133.54,22.78,34.74,-8.95%,1907504
437,"CARR","Carrier Global Corp","Industrials","Building Products & Equipment","USA",55507.69,43.91,66.83,-0.58%,5032092
438,"CARS","Cars.com","Communication Services","Internet Content & Information","USA",652.95,26.88,11.68,-5.27%,1098515
439,"CART","Maplebear Inc","Consumer Cyclical","Internet Retail","USA",9483.45,22.63,40.35,6.21%,6083598
440,"CAT","Caterpillar Inc","Industrials","Farm & Heavy Construction Machinery","USA",413398.70,44.65,897.45,0.20%,2030311
441,"CATX","Perspective Therapeutics Inc","Healthcare","Medical Devices","USA",428.71,,3.76,4.44%,794975
442,"CAVA","Cava Group Inc","Consumer Cyclical","Restaurants","USA",9243.14,147.39,79.40,-6.00%,4021972
443,"CB","Chubb Limited","Financial","Insurance - Property & Casualty","Switzerland",123975.61,11.29,319.64,-0.51%,926968
444,"CBRE","CBRE Group Inc","Real Estate","Real Estate Services","USA",42847.85,33.38,146.33,-0.25%,1869360
445,"CBRL","Cracker Barrel Old Country Store Inc","Consumer Cyclical","Restaurants","USA",703.83,,31.49,1.09%,1027716
446,"CBSH","Commerce Bancshares Inc","Financial","Banks - Regional","USA",7564.38,12.76,51.89,-1.12%,958872
447,"CBZ","Cbiz Inc","Industrials","Specialty Business Services","USA",1658.82,12.46,30.92,-2.37%,560373
448,"CC","Chemours Company","Basic Materials","Specialty Chemicals","USA",3464.70,,23.04,2.81%,2888832
449,"CCC","CCC Intelligent Solutions Holdings Inc","Technology","Software - Application","USA",3011.01,93.96,5.13,-1.54%,9250933
450,"CCCC","C4 Therapeutics Inc","Healthcare","Biotechnology","USA",287.86,,2.95,-1.01%,1345554
451,"CCEP","Coca-Cola Europacific Partners Plc","Consumer Defensive","Beverages - Non-Alcoholic","United Kingdom",42376.28,19.62,94.57,1.14%,1960199
452,"CCHH","CCH Holdings Ltd","Consumer Cyclical","Restaurants","Malaysia",8.36,,0.43,-4.44%,26309
453,"CCI","Crown Castle Inc","Real Estate","REIT - Specialty","USA",39529.45,18.42,90.57,-0.55%,4123803
454,"CCJ","Cameco Corp","Energy","Uranium","Canada",50839.95,108.25,116.75,-1.65%,2182430
455,"CCK","Crown Holdings Inc","Consumer Cyclical","Packaging & Containers","USA",11307.64,16.11,101.19,0.10%,944756
456,"CCL","Carnival Corp Ltd","Consumer Cyclical","Travel Services","USA",36490.87,11.73,26.38,-2.30%,29526401
457,"CCO","Clear Channel Outdoor Holdings Inc","Communication Services","Advertising Agencies","USA",1216.47,,2.39,0.00%,7360527
458,"CCOI","Cogent Communications Holdings Inc","Communication Services","Telecom Services","USA",833.79,,16.65,2.02%,1184473
459,"CCUP","T-REX 2X Long CRCL Daily Target ETF","Financial","Exchange Traded Fund","USA",,,5.76,-0.69%,2899355
460,"CDE","Coeur Mining Inc","Basic Materials","Gold","USA",19200.52,15.34,18.56,2.43%,18364158
461,"CDIO","Cardio Diagnostics Holdings Inc","Healthcare","Biotechnology","USA",5.42,,1.83,1.10%,48014
462,"CDLX","Cardlytics Inc","Communication Services","Advertising Agencies","USA",36.87,,0.64,-18.15%,3923037
463,"CDNS","Cadence Design Systems Inc","Technology","Software - Application","USA",100038.47,84.67,362.70,1.63%,2317761
464,"CDP","COPT Defense Properties","Real Estate","REIT - Office","USA",7166.75,23.14,31.70,-0.38%,680743
465,"CDW","CDW Corp","Technology","Information Technology Services","USA",13387.28,12.76,104.79,-4.91%,2688465
466,"CDXS","Codexis Inc","Healthcare","Biotechnology","USA",259.06,,2.85,10.47%,1826223
467,"CE","Celanese Corp","Basic Materials","Chemicals","USA",6269.41,,57.17,-2.11%,2928015
468,"CEG","Constellation Energy Corp","Utilities","Utilities - Independent Power Producers","USA",110003.53,41.04,303.63,-2.46%,2948643
469,"CELH","Celsius Holdings Inc","Consumer Defensive","Beverages - Non-Alcoholic","USA",8254.63,77.08,32.29,-5.75%,13636548
470,"CENX","Century Aluminum Co","Basic Materials","Aluminum","USA",5830.56,17.61,58.91,-2.76%,2515036
471,"CERS","Cerus Corp","Healthcare","Medical Devices","USA",522.96,,2.61,0.00%,2201390
472,"CERT","Certara Inc","Healthcare","Health Information Services","USA",967.48,,6.31,0.00%,4854395
473,"CETX","Cemtrex Inc","Technology","Software - Infrastructure","USA",8.97,0.04,0.89,1.01%,340971
474,"CF","CF Industries Holdings Inc","Basic Materials","Agricultural Inputs","USA",17670.44,10.34,115.02,-3.08%,3068945
475,"CFG","Citizens Financial Group Inc","Financial","Banks - Regional","USA",26950.27,15.09,63.73,-0.76%,3748974
476,"CG","Carlyle Group Inc","Financial","Asset Management","USA",18286.09,34.60,50.63,3.31%,5135607
477,"CGAU","Centerra Gold Inc","Basic Materials","Gold","Canada",3672.67,5.92,18.39,3.37%,2026736
478,"CGBL","Capital Group Core Balanced ETF","Financial","Exchange Traded Fund","USA",,,37.31,0.65%,1024354
479,"CGC","Canopy Growth Corp","Healthcare","Drug Manufacturers - Specialty & Generic","Canada",472.68,,1.11,-1.77%,4533418
480,"CGCB","Capital Group Core Bond ETF","Financial","Exchange Traded Fund","USA",,,26.31,0.23%,681916
481,"CGCP","Capital Group Core Plus Income ETF","Financial","Exchange Traded Fund","USA",,,22.43,0.22%,1048380
482,"CGDV","Capital Group Dividend Value ETF","Financial","Exchange Traded Fund","USA",,,47.25,0.32%,2645716
483,"CGGO","Capital Group Global Growth Equity ETF","Financial","Exchange Traded Fund","USA",,,39.66,1.95%,1900771
484,"CGGR","Capital Group Growth ETF","Financial","Exchange Traded Fund","USA",,,46.25,0.70%,2128356
485,"CGMM","Capital Group U.S. Small and Mid Cap ETF","Financial","Exchange Traded Fund","USA",,,31.46,0.25%,812411
486,"CGMU","Capital Group Municipal Income ETF","Financial","Exchange Traded Fund","USA",,,27.39,0.07%,1324915
487,"CGNX","Cognex Corp","Technology","Scientific & Technical Instruments","USA",10927.10,77.69,65.66,-0.39%,4256563
488,"CGON","Cg Oncology Inc","Healthcare","Biotechnology","USA",5878.38,,69.62,0.64%,1143041
489,"CGTX","Cognition Therapeutics Inc","Healthcare","Biotechnology","USA",108.12,,1.21,4.31%,694269
490,"CGUS","Capital Group Core Equity ETF","Financial","Exchange Traded Fund","USA",,,43.14,0.30%,790270
491,"CHD","Church & Dwight Co Inc","Consumer Defensive","Household & Personal Products","USA",22140.01,30.82,93.44,-0.47%,1620771
492,"CHDN","Churchill Downs Inc","Consumer Cyclical","Gambling","USA",6142.39,16.34,88.13,-0.81%,791823
493,"CHGG","Chegg Inc","Consumer Defensive","Education & Training Services","USA",129.87,,1.16,-9.38%,4233734
494,"CHKP","Check Point Software Technologies Ltd","Technology","Software - Infrastructure","Israel",11979.48,11.81,114.93,-0.55%,2016246
495,"CHOW","ChowChow Cloud International Holdings Ltd","Technology","Software - Infrastructure","Hong Kong",14.97,6.33,0.43,0.85%,68028
496,"CHRD","Chord Energy Corp","Energy","Oil & Gas E&P","USA",7681.46,,136.44,-0.95%,690258
497,"CHRS","Coherus Oncology Inc","Healthcare","Biotechnology","USA",269.88,,1.75,-0.57%,676080
498,"CHRW","C.H. Robinson Worldwide Inc","Industrials","Integrated Freight & Logistics","USA",20202.26,34.69,171.39,0.01%,1060803
499,"CHTR","Charter Communications Inc","Communication Services","Telecom Services","USA",21445.72,4.18,154.86,-3.36%,3089654
500,"CHWY","Chewy Inc","Consumer Cyclical","Internet Retail","USA",9571.07,43.92,22.97,-2.96%,13920253
501,"CHYM","Chime Financial Inc","Technology","Software - Application","USA",7037.77,,18.42,-3.08%,7570927
502,"CI","Cigna Group","Healthcare","Healthcare Plans","USA",76201.21,12.20,288.06,1.42%,1659409
503,"CIBR","First Trust NASDAQ Cybersecurity ETF","Financial","Exchange Traded Fund","USA",,,75.32,2.98%,2489007
504,"CIEN","CIENA Corp","Technology","Communication Equipment","USA",77501.89,348.07,548.11,1.74%,1503266
505,"CIFR","Cipher Digital Inc","Technology","Information Technology Services","USA",8405.96,,20.55,-0.65%,24464279
506,"CIG","Cia Energetica DE Minas Gerais - Cemig ADR","Utilities","Utilities - Regulated Electric","Brazil",4588.83,7.83,2.41,0.84%,5903954
507,"CL","Colgate-Palmolive Co","Consumer Defensive","Household & Personal Products","USA",70056.58,33.97,87.55,0.22%,4435384
508,"CLBT","Cellebrite DI Ltd","Technology","Software - Infrastructure","Israel",3397.37,43.74,13.62,-1.38%,1617314
509,"CLDI","Calidi Biotherapeutics Inc","Healthcare","Biotechnology","USA",2.29,,0.21,-2.77%,1211885
510,"CLDX","Celldex Therapeutics Inc","Healthcare","Biotechnology","USA",2666.38,,33.97,1.95%,794141
511,"CLF","Cleveland-Cliffs Inc","Basic Materials","Steel","USA",6285.97,,11.02,3.47%,10755272
512,"CLIK","Click Holdings Ltd","Consumer Cyclical","Personal Services","Hong Kong",7.28,,2.23,0.90%,30972
513,"CLM","Cornerstone Strategic Investment Fund Inc","Financial","Closed-End Fund - Equity","USA",2291.02,7.06,7.69,0.26%,1149918
514,"CLMT","Calumet Inc","Basic Materials","Specialty Chemicals","USA",2783.79,,32.08,-7.31%,2220756
515,"CLNE","Clean Energy Fuels Corp","Energy","Oil & Gas Refining & Marketing","USA",486.70,,2.21,-4.33%,2310655
516,"CLOV","Clover Health Investments Corp","Healthcare","Healthcare Plans","USA",1636.96,,3.12,10.64%,10388472
517,"CLS","Celestica Inc","Technology","Electronic Components","Canada",43176.98,45.39,375.55,-2.51%,2539868
518,"CLSK","Cleanspark Inc","Financial","Capital Markets","USA",3631.69,,14.20,1.57%,15906803
519,"CLVT","Clarivate Plc","Technology","Information Technology Services","United Kingdom",1777.02,,2.78,-0.36%,4117365
520,"CLX","Clorox Co","Consumer Defensive","Household & Personal Products","USA",11144.11,14.97,92.16,0.05%,3310904
521,"CM","Canadian Imperial Bank Of Commerce","Financial","Banks - Diversified","USA",101936.37,15.96,110.01,-0.45%,919291
522,"CMBT","CMB.Tech NV","Energy","Oil & Gas Midstream","Belgium",4303.22,22.58,14.83,0.47%,886678
523,"CMC","Commercial Metals Co","Industrials","Metal Fabrication","USA",7868.57,15.81,70.96,0.62%,567642
524,"CMCSA","Comcast Corp","Communication Services","Telecom Services","USA",90734.60,5.00,25.40,-3.20%,36599444
525,"CME","CME Group Inc","Financial","Financial Data & Stock Exchanges","USA",101913.57,24.00,281.25,-1.95%,2308703
526,"CMG","Chipotle Mexican Grill","Consumer Cyclical","Restaurants","USA",41676.03,29.76,32.49,-2.34%,12947301
527,"CMND","Clearmind Medicine Inc","Healthcare","Biotechnology","Canada",1.15,,0.55,-2.08%,373777
528,"CMPS","Compass Pathways Plc ADR","Healthcare","Medical Care Facilities","United Kingdom",952.25,,9.91,5.54%,3537250
529,"CMPX","Compass Therapeutics Inc","Healthcare","Biotechnology","USA",329.56,,1.83,1.10%,6529812
530,"CMS","CMS Energy Corp","Utilities","Utilities - Regulated Electric","USA",22430.65,20.10,72.61,-1.83%,2307391
531,"CNC","Centene Corp","Healthcare","Healthcare Plans","USA",27632.88,,55.96,1.78%,5296518
532,"CNDT","Conduent Inc","Technology","Information Technology Services","USA",272.97,,1.76,-3.83%,1088829
533,"CNH","CNH Industrial NV","Industrials","Farm & Heavy Construction Machinery","United Kingdom",13589.86,35.54,10.96,1.11%,18658686
534,"CNI","Canadian National Railway Co","Industrials","Railroads","Canada",68256.70,20.32,111.64,0.72%,925356
535,"CNK","Cinemark Holdings Inc","Communication Services","Entertainment","USA",3160.28,21.76,27.06,-1.49%,1514578
536,"CNM","Core & Main Inc","Industrials","Industrial Distribution","USA",9555.37,21.27,49.09,-1.15%,1725592
537,"CNP","Centerpoint Energy Inc","Utilities","Utilities - Regulated Electric","USA",27291.95,25.55,41.72,-1.23%,4133560
538,"CNQ","Canadian Natural Resources Ltd","Energy","Oil & Gas E&P","Canada",92888.24,13.32,44.53,-0.47%,8411248
539,"CNSP","Cns Pharmaceuticals Inc","Healthcare","Biotechnology","USA",5.92,,7.29,2.68%,212533
540,"CNTA","Centessa Pharmaceuticals plc ADR","Healthcare","Biotechnology","United Kingdom",6125.76,,39.59,-0.05%,682355
541,"CNX","CNX Resources Corp","Energy","Oil & Gas E&P","USA",5053.58,4.97,35.72,-0.56%,1513151
542,"CNXC","Concentrix Corp","Technology","Information Technology Services","USA",1480.59,,24.27,-4.67%,2217144
543,"COAG","Hemab Therapeutics Holdings Inc","Healthcare","Biotechnology","USA",1173.36,,25.12,-2.41%,207219
544,"COCO","Vita Coco Company Inc","Consumer Defensive","Beverages - Non-Alcoholic","USA",4089.27,51.87,71.60,4.98%,1671722
545,"COCP","Cocrystal Pharma Inc","Healthcare","Biotechnology","USA",19.85,,1.44,3.60%,191362
546,"CODI","Compass Diversified Holdings","Industrials","Conglomerates","USA",938.94,,12.48,3.74%,1117989
547,"CODX","Co-Diagnostics Inc","Healthcare","Medical Devices","USA",9.11,,2.53,31.09%,10334455
548,"COF","Capital One Financial Corp","Financial","Credit Services","USA",117912.03,66.79,189.48,-1.61%,4727378
549,"COGT","Cogent Biosciences Inc","Healthcare","Biotechnology","USA",5935.95,,34.74,-0.14%,896098
550,"COHR","Coherent Corp","Technology","Scientific & Technical Instruments","USA",65590.04,160.06,335.26,5.03%,7901607
551,"COHU","Cohu Inc","Technology","Semiconductor Equipment & Materials","USA",2337.07,,49.54,4.34%,751300
552,"COIN","Coinbase Global Inc","Financial","Financial Data & Stock Exchanges","USA",53121.36,75.64,201.16,4.25%,12909391
553,"COLB","Columbia Banking System Inc","Financial","Banks - Regional","USA",8696.29,11.99,30.04,1.62%,3398957
554,"COLD","Americold Realty Trust Inc","Real Estate","REIT - Industrial","USA",4233.94,,14.84,-0.87%,7772468
555,"COMP","Compass Inc","Real Estate","Real Estate Services","USA",6506.39,814.95,8.72,-0.23%,12279878
556,"CONL","GraniteShares 2x Long COIN Daily ETF","Financial","Exchange Traded Fund","USA",,,8.82,8.75%,23838780
557,"COO","Cooper Companies Inc","Healthcare","Medical Instruments & Supplies","USA",11706.86,29.70,60.00,-1.82%,2151019
558,"COP","Conoco Phillips","Energy","Oil & Gas E&P","USA",138727.13,19.36,113.87,-0.88%,8009468
559,"COPX","Global X Copper Miners ETF","Financial","Exchange Traded Fund","USA",,,85.97,4.07%,3708632
560,"COR","Cencora Inc","Healthcare","Medical Distribution","USA",50796.00,20.03,261.08,2.12%,2678921
561,"CORD","T-REX 2X Inverse CRWV Daily Target ETF","Financial","Exchange Traded Fund","USA",,,5.35,22.71%,10117843
562,"CORO","iShares International Country Rotation Active ETF","Financial","Exchange Traded Fund","USA",,,35.89,1.18%,318697
563,"CORT","Corcept Therapeutics Inc","Healthcare","Biotechnology","USA",5612.34,149.37,52.28,2.41%,872697
564,"CORZ","Core Scientific Inc","Technology","Software - Infrastructure","USA",7285.93,,22.92,2.50%,14830871
565,"COST","Costco Wholesale Corp","Consumer Defensive","Discount Stores","USA",447552.22,52.46,1008.79,-0.32%,1805188
566,"COTY","Coty Inc","Consumer Defensive","Household & Personal Products","USA",2174.75,,2.47,-1.20%,5950281
567,"COUR","Coursera Inc","Consumer Defensive","Education & Training Services","USA",978.55,,5.78,-7.81%,6623757
568,"COWZ","Pacer US Cash Cows 100 ETF","Financial","Exchange Traded Fund","USA",,,63.32,0.09%,964862
569,"CP","Canadian Pacific Kansas City Limited","Industrials","Railroads","Canada",76381.15,26.53,86.04,0.96%,3648209
570,"CPB","Campbells Co","Consumer Defensive","Packaged Foods","USA",6213.37,11.33,20.84,-1.93%,6423748
571,"CPNG","Coupang Inc","Consumer Cyclical","Internet Retail","USA",30483.53,,16.98,-1.39%,25908977
572,"CPRI","Capri Holdings Ltd","Consumer Cyclical","Luxury Goods","United Kingdom",2208.07,,18.53,-0.86%,2238112
573,"CPRT","Copart Inc","Industrials","Specialty Business Services","USA",32694.68,21.29,33.94,0.18%,7146486
574,"CPRX","Catalyst Pharmaceuticals Inc","Healthcare","Biotechnology","USA",3811.08,18.49,31.15,-0.05%,4480767
575,"CPT","Camden Property Trust","Real Estate","REIT - Residential","USA",14031.75,28.99,103.77,-0.29%,1084884
576,"CQQQ","Invesco China Technology ETF","Financial","Exchange Traded Fund","USA",,,53.64,0.81%,2278634
577,"CRBG","Corebridge Financial Inc","Financial","Asset Management","USA",12473.38,45.90,27.31,-0.51%,6789811
578,"CRBU","Caribou Biosciences Inc","Healthcare","Biotechnology","USA",192.41,,1.94,3.19%,892097
579,"CRCA","ProShares Ultra CRCL","Financial","Exchange Traded Fund","USA",,,50.78,-1.09%,1363148
580,"CRCD","T-REX 2X Inverse CRCL Daily Target ETF","Financial","Exchange Traded Fund","USA",,,3.27,0.15%,3840702
581,"CRCG","Leverage Shares 2X Long CRCL Daily ETF","Financial","Exchange Traded Fund","USA",,,33.71,-0.77%,2142117
582,"CRCL","Circle Internet Group Inc","Financial","Capital Markets","USA",28100.41,,113.67,0.37%,16763750
583,"CRDO","Credo Technology Group Holding Ltd","Technology","Semiconductors","Cayman Islands",34769.74,104.54,188.51,0.11%,4837006
584,"CREG","Smart Powerr Corp","Utilities","Utilities - Renewable","China",6.66,,0.29,-38.30%,3989789
585,"CRF","Cornerstone Total Return Fund","Financial","Closed-End Fund - Equity","USA",1188.92,7.19,7.33,0.00%,946643
586,"CRGY","Crescent Energy Co","Energy","Oil & Gas E&P","USA",4095.12,,12.40,-0.32%,6209943
587,"CRH","CRH Plc","Basic Materials","Building Materials","USA",76014.46,21.08,113.76,1.00%,5744388
588,"CRI","Carters Inc","Consumer Cyclical","Apparel Retail","USA",1301.91,14.25,35.33,-1.17%,917515
589,"CRK","Comstock Resources Inc","Energy","Oil & Gas E&P","USA",4141.11,6.66,14.10,-4.73%,3902193
590,"CRL","Charles River Laboratories International Inc","Healthcare","Diagnostics & Research","USA",8555.55,,177.62,-2.23%,978319
591,"CRM","Salesforce Inc","Technology","Software - Application","USA",148738.54,23.29,181.82,-2.43%,15123940
592,"CRMD","CorMedix Inc","Healthcare","Biotechnology","USA",621.15,3.99,7.92,0.00%,858922
593,"CRMG","Leverage Shares 2X Long CRM Daily ETF","Financial","Exchange Traded Fund","USA",,,5.79,-4.77%,1533697
594,"CRML","Critical Metals Corp","Basic Materials","Other Industrial Metals & Mining","United Kingdom",1529.60,,12.53,-2.49%,10623921
595,"CRNX","Crinetics Pharmaceuticals Inc","Healthcare","Biotechnology","USA",3951.90,,37.48,-13.82%,4707630
596,"CRON","Cronos Group Inc","Healthcare","Drug Manufacturers - Specialty & Generic","Canada",962.79,,2.54,-1.17%,1215856
597,"CROX","Crocs Inc","Consumer Cyclical","Footwear & Accessories","USA",5149.34,,103.63,-0.43%,819626
598,"CRSP","CRISPR Therapeutics AG","Healthcare","Biotechnology","Switzerland",5288.29,,54.83,4.60%,1733486
599,"CRSR","Corsair Gaming Inc","Technology","Computer Hardware","USA",842.23,94.15,7.88,11.14%,3994140
600,"CRVS","Corvus Pharmaceuticals Inc","Healthcare","Biotechnology","USA",1307.61,,15.55,6.58%,980530
601,"CRWD","Crowdstrike Holdings Inc","Technology","Software - Infrastructure","USA",133849.91,,527.77,4.36%,4041153
602,"CRWG","Leverage Shares 2X Long CRWV Daily ETF","Financial","Exchange Traded Fund","USA",,,46.53,-23.34%,2613320
603,"CRWU","T-REX 2X Long CRWV Daily Target ETF","Financial","Exchange Traded Fund","USA",,,8.71,-23.86%,3565797
604,"CRWV","CoreWeave Inc","Technology","Software - Infrastructure","USA",62740.19,,114.15,-11.40%,48479367
605,"CSAN","Cosan S.A ADR","Energy","Oil & Gas Refining & Marketing","Brazil",4127.72,,4.17,-0.24%,1310496
606,"CSCO","Cisco Systems Inc","Technology","Communication Equipment","USA",381441.17,33.97,96.57,4.79%,24652516
607,"CSGP","Costar Group Inc","Real Estate","Real Estate Services","USA",13381.82,543.45,32.77,-6.32%,7105832
608,"CSIQ","Canadian Solar Inc","Technology","Solar","Canada",1360.40,,20.06,13.46%,5713701
609,"CSTE","Caesarstone Ltd","Industrials","Building Products & Equipment","Israel",47.72,,1.38,0.00%,54129
610,"CSTM","Constellium SE","Basic Materials","Aluminum","France",4612.78,10.93,33.88,3.07%,1897261
611,"CSX","CSX Corp","Industrials","Railroads","USA",83300.37,27.42,44.83,0.83%,9501111
612,"CTAS","Cintas Corp","Industrials","Specialty Business Services","USA",66802.55,35.24,166.97,-1.81%,1565488
613,"CTLP","Cantaloupe Inc","Technology","Software - Infrastructure","USA",825.82,262.30,11.20,0.00%,0
614,"CTMX","CytomX Therapeutics Inc","Healthcare","Biotechnology","USA",866.46,,3.98,-0.50%,5057557
615,"CTRA","Coterra Energy Inc","Energy","Oil & Gas E&P","USA",24724.71,14.95,32.56,0.00%,0
616,"CTRE","CareTrust REIT Inc","Real Estate","REIT - Healthcare Facilities","USA",9827.59,26.64,41.60,5.32%,2840961
617,"CTRI","Centuri Holdings Inc","Utilities","Utilities - Regulated Gas","USA",3485.27,102.04,34.53,2.77%,2454704
618,"CTSH","Cognizant Technology Solutions Corp","Technology","Information Technology Services","USA",24489.57,11.22,51.68,-0.50%,5390147
619,"CTVA","Corteva Inc","Basic Materials","Agricultural Inputs","USA",54261.37,47.65,81.13,2.61%,4624318
620,"CUBE","CubeSmart","Real Estate","REIT - Industrial","USA",9200.52,28.29,40.46,0.52%,1703190
621,"CUK","Carnival plc ADR","Consumer Cyclical","Travel Services","USA",4014.47,12.21,27.47,0.00%,0
622,"CUPR","Cuprina Holdings (Cayman) Ltd","Healthcare","Medical Instruments & Supplies","Singapore",2.06,,0.28,6.02%,346433
623,"CURX","Curanex Pharmaceuticals Inc","Healthcare","Biotechnology","USA",9.16,,0.32,2.34%,180517
624,"CUZ","Cousins Properties Inc","Real Estate","REIT - Office","USA",4403.10,,26.76,1.94%,2038275
625,"CVBF","CVB Financial Corp","Financial","Banks - Regional","USA",3574.43,13.33,20.33,-0.88%,1051076
626,"CVE","Cenovus Energy Inc","Energy","Oil & Gas Integrated","Canada",53488.56,15.58,28.40,-0.21%,5458110
627,"CVGI","Commercial Vehicle Group Inc","Consumer Cyclical","Auto Parts","USA",184.92,,5.10,-3.04%,582054
628,"CVI","CVR Energy Inc","Energy","Oil & Gas Refining & Marketing","USA",3372.80,,33.55,2.98%,753663
629,"CVLT","Commvault Systems Inc","Technology","Software - Application","USA",4621.27,66.43,105.09,1.65%,1012321
630,"CVNA","Carvana Co","Consumer Cyclical","Auto & Truck Dealerships","USA",85487.20,39.12,77.94,-2.58%,6957520
631,"CVS","CVS Health Corp","Healthcare","Healthcare Plans","USA",115535.22,39.76,90.55,3.65%,11162665
632,"CVX","Chevron Corp","Energy","Oil & Gas Integrated","USA",361713.98,31.52,181.62,-0.48%,13053015
633,"CWAN","Clearwater Analytics Holdings Inc","Technology","Software - Application","USA",7265.77,,24.35,0.21%,4848104
634,"CWB","State Street SPDR Bloomberg Convertible Securities ETF","Financial","Exchange Traded Fund","USA",,,104.68,0.38%,1190755
635,"CWH","Camping World Holdings Inc","Consumer Cyclical","Auto & Truck Dealerships","USA",771.36,,7.49,-1.32%,1873059
636,"CWK","Cushman & Wakefield Ltd","Real Estate","Real Estate Services","Bermuda",3324.72,45.25,14.19,2.45%,1006110
637,"CWVX","Tradr 2X Long CRWV Daily ETF","Financial","Exchange Traded Fund","USA",,,37.91,-22.92%,3175528
638,"CX","Cemex SAB de CV ADR","Basic Materials","Building Materials","Mexico",19818.39,42.03,13.11,-0.23%,5451455
639,"CXAI","CXApp Inc","Technology","Software - Application","USA",9.94,,0.14,-5.84%,5528346
640,"CXIIU","Churchill Capital Corp XII","Financial","Shell Companies","USA",367.86,,10.11,0.00%,0
641,"CXM","Sprinklr Inc","Technology","Software - Application","USA",1326.45,60.02,5.33,-2.20%,3414558
642,"CXW","CoreCivic Inc","Industrials","Security & Protection Services","USA",2010.40,16.44,20.33,-6.83%,1979681
643,"CYCN","Cyclerion Therapeutics Inc","Healthcare","Biotechnology","USA",13.42,,3.10,-1.59%,55333
644,"CYCU","Cycurion Inc","Technology","Information Technology Services","USA",4.74,,0.86,-4.44%,665134
645,"CYH","Community Health Systems Inc","Healthcare","Medical Care Facilities","USA",393.16,0.81,2.79,-3.79%,2280356
646,"CYN","Cyngn Inc","Technology","Software - Application","USA",22.18,,1.63,-2.98%,279112
647,"CYPH","Cypherpunk Technologies Inc","Healthcare","Biotechnology","USA",107.08,17.55,1.19,12.26%,4991887
648,"CYTK","Cytokinetics Inc","Healthcare","Biotechnology","USA",9570.11,,76.91,3.53%,5791776
649,"CZR","Caesars Entertainment Inc","Consumer Cyclical","Resorts & Casinos","USA",5711.10,,28.04,0.94%,1601365
650,"D","Dominion Energy Inc","Utilities","Utilities - Regulated Electric","USA",54429.49,18.31,61.89,0.45%,6031898
651,"DAL","Delta Air Lines Inc","Industrials","Airlines","USA",48177.38,10.71,73.33,0.30%,5073170
652,"DAMD","Defiance Daily Target 2X Short AMD ETF","Financial","Exchange Traded Fund","USA",,,2.91,-22.61%,27538280
653,"DAN","Dana Inc","Consumer Cyclical","Auto Parts","USA",3801.61,63.43,34.70,0.41%,787208
654,"DAR","Darling Ingredients Inc","Consumer Defensive","Packaged Foods","USA",10018.99,45.43,63.12,1.37%,1659144
655,"DASH","DoorDash Inc","Consumer Cyclical","Internet Retail","USA",71206.41,78.08,163.93,-4.33%,6027515
656,"DAWN","Day One Biopharmaceuticals Inc","Healthcare","Biotechnology","USA",2224.69,,21.53,0.00%,0
657,"DB","Deutsche Bank AG","Financial","Banks - Regional","Germany",60335.86,9.41,32.07,1.87%,2221958
658,"DBA","Invesco DB Agriculture Fund","Financial","Exchange Traded Fund","USA",,,27.97,0.61%,604110
659,"DBC","Invesco DB Commodity Index Tracking Fund","Financial","Exchange Traded Fund","USA",,,30.30,0.17%,1310160
660,"DBMF","iMGP DBi Managed Futures Strategy ETF","Financial","Exchange Traded Fund","USA",,,30.69,0.46%,917982
661,"DBO","Invesco DB Oil Fund","Financial","Exchange Traded Fund","USA",,,21.33,-0.14%,829472
662,"DBRG","DigitalBridge Group Inc","Financial","Asset Management","USA",2936.27,32.15,15.63,-0.06%,1980250
663,"DBX","Dropbox Inc","Technology","Software - Infrastructure","USA",6899.82,15.77,28.90,15.00%,10098396
664,"DC","Dakota Gold Corp","Basic Materials","Gold","USA",802.44,,6.01,3.09%,692614
665,"DCH","Dauch Corp","Consumer Cyclical","Auto Parts","USA",1572.00,,6.64,14.88%,10758430
666,"DD","DuPont de Nemours Inc","Basic Materials","Specialty Chemicals","USA",20397.68,,49.76,2.89%,3956972
667,"DDD","3D Systems Corp","Technology","Computer Hardware","USA",360.77,,2.47,2.92%,2807781
668,"DDL","Dingdong (Cayman) Ltd ADR","Consumer Defensive","Grocery Stores","China",464.84,18.59,2.55,-1.54%,256305
669,"DDOG","Datadog Inc","Technology","Software - Application","USA",70613.41,534.19,200.16,6.06%,12042619
670,"DE","Deere & Co","Industrials","Farm & Heavy Construction Machinery","USA",155268.47,32.41,574.84,-0.98%,897013
671,"DEC","Diversified Energy Co","Energy","Oil & Gas Integrated","USA",1124.23,,15.65,0.51%,660015
672,"DECK","Deckers Outdoor Corp","Consumer Cyclical","Footwear & Accessories","USA",14254.62,14.19,100.42,-2.24%,1779716
673,"DEFT","DeFi Technologies Inc","Financial","Capital Markets","Canada",282.34,4.39,0.73,-2.28%,5241561
674,"DEI","Douglas Emmett Inc","Real Estate","REIT - Office","USA",2071.79,,12.37,2.83%,3139844
675,"DELL","Dell Technologies Inc","Technology","Computer Hardware","USA",170092.08,29.88,260.46,13.11%,12168140
676,"DEO","Diageo plc ADR","Consumer Defensive","Beverages - Wineries & Distilleries","United Kingdom",46862.37,19.50,84.30,1.04%,1336097
677,"DEVS","DevvStream Corp","Industrials","Pollution & Treatment Controls","USA",2.10,,0.16,-4.68%,1792130
678,"DFAC","Dimensional U.S. Core Equity 2 ETF","Financial","Exchange Traded Fund","USA",,,43.16,0.63%,1299979
679,"DFAE","Dimensional Emerging Core Equity Market ETF","Financial","Exchange Traded Fund","USA",,,40.22,2.03%,820942
680,"DFAI","Dimensional International Core Equity Market ETF","Financial","Exchange Traded Fund","USA",,,41.62,1.02%,1109382
681,"DFAR","Dimensional US Real Estate ETF","Financial","Exchange Traded Fund","USA",,,25.98,0.35%,3065686
682,"DFCF","Dimensional Core Fixed Income ETF","Financial","Exchange Traded Fund","USA",,,42.43,0.26%,684041
683,"DFDV","DeFi Development Corp","Financial","Asset Management","USA",131.56,,4.46,4.69%,648636
684,"DFIC","Dimensional International Core Equity 2 ETF","Financial","Exchange Traded Fund","USA",,,38.01,1.06%,962615
685,"DFIV","Dimensional International Value ETF","Financial","Exchange Traded Fund","USA",,,55.19,0.80%,960699
686,"DFLV","Dimensional US Large Cap Value ETF","Financial","Exchange Traded Fund","USA",,,37.98,0.64%,750599
687,"DFNS","T3 Defense Inc","Industrials","Aerospace & Defense","USA",18.30,0.03,0.48,7.37%,1723146
688,"DFSV","Dimensional US Small Cap Value ETF","Financial","Exchange Traded Fund","USA",,,37.58,0.32%,1250339
689,"DFTX","Definium Therapeutics Inc","Healthcare","Biotechnology","USA",2404.92,,22.05,-4.96%,2208807
690,"DFUS","Dimensional U.S. Equity Market ETF","Financial","Exchange Traded Fund","USA",,,80.27,0.83%,489705
691,"DG","Dollar General Corp","Consumer Defensive","Discount Stores","USA",24949.44,16.54,113.29,-2.73%,3307117
692,"DGRO","iShares Core Dividend Growth ETF","Financial","Exchange Traded Fund","USA",,,73.00,-0.11%,1302661
693,"DGRW","WisdomTree U.S. Quality Dividend Growth Fund","Financial","Exchange Traded Fund","USA",,,95.00,0.17%,392153
694,"DGXX","Digi Power X Inc","Utilities","Utilities - Independent Power Producers","USA",487.24,,6.63,7.11%,16461211
695,"DHC","Diversified Healthcare Trust","Real Estate","REIT - Healthcare Facilities","USA",2045.80,,8.45,4.45%,1372401
696,"DHI","D.R. Horton Inc","Consumer Cyclical","Residential Construction","USA",41864.86,13.83,147.63,1.14%,1532410
697,"DHR","Danaher Corp","Healthcare","Diagnostics & Research","USA",121142.02,33.08,171.16,-2.56%,5846131
698,"DHT","DHT Holdings Inc","Energy","Oil & Gas Midstream","Bermuda",3059.79,9.23,19.00,-0.11%,2915548
699,"DIA","Spdr Dow Jones Industrial Average ETF Trust","Financial","Exchange Traded Fund","USA",,,496.13,0.04%,3495248
700,"DINO","HF Sinclair Corp","Energy","Oil & Gas Refining & Marketing","USA",13057.35,10.91,72.43,2.74%,2401298
701,"DIS","Walt Disney Co","Communication Services","Entertainment","USA",187577.95,17.28,108.02,-0.59%,8369981
702,"DJT","Trump Media & Technology Group Corp","Communication Services","Internet Content & Information","USA",2473.20,,8.93,-1.00%,4960996
703,"DK","Delek US Holdings Inc","Energy","Oil & Gas Refining & Marketing","USA",2821.68,,46.04,3.00%,1236083
704,"DKI","Darkiris Inc","Communication Services","Electronic Gaming & Multimedia","Hong Kong",10.69,,0.34,-9.41%,636696
705,"DKNG","DraftKings Inc","Consumer Cyclical","Gambling","USA",22681.07,429.63,25.52,1.19%,28569218
706,"DKS","Dicks Sporting Goods Inc","Consumer Cyclical","Specialty Retail","USA",20107.31,22.09,225.81,1.62%,632132
707,"DLO","DLocal Limited","Technology","Software - Infrastructure","USA",4040.57,20.40,13.70,-0.36%,1801504
708,"DLR","Digital Realty Trust Inc","Real Estate","REIT - Specialty","USA",68633.12,51.66,195.31,0.27%,1376762
709,"DLTR","Dollar Tree Inc","Consumer Defensive","Discount Stores","USA",18593.38,15.09,94.24,-2.60%,3452468
710,"DLXY","Delixy Holdings Ltd","Energy","Oil & Gas Refining & Marketing","Singapore",8.99,,0.55,-0.04%,66803
711,"DNA","Ginkgo Bioworks Holdings Inc","Healthcare","Biotechnology","USA",547.93,,8.93,-13.47%,2213137
712,"DNLI","Denali Therapeutics Inc","Healthcare","Biotechnology","USA",3113.89,,19.62,-0.46%,1945846
713,"DNN","Denison Mines Corp","Energy","Uranium","Canada",3381.60,,3.74,0.00%,17688677
714,"DNOW","Dnow Inc","Industrials","Industrial Distribution","USA",2385.88,,13.07,0.15%,4913977
715,"DNUT","Krispy Kreme Inc","Consumer Defensive","Grocery Stores","USA",619.92,,3.60,-1.10%,2830721
716,"DOC","Healthpeak Properties Inc","Real Estate","REIT - Healthcare Facilities","USA",13874.08,61.61,19.64,-0.10%,7229804
717,"DOCN","DigitalOcean Holdings Inc","Technology","Software - Infrastructure","USA",17110.51,71.67,163.95,8.99%,3947114
718,"DOCS","Doximity Inc","Healthcare","Health Information Services","USA",4798.75,21.82,25.98,-0.19%,2075670
719,"DOCU","DocuSign Inc","Technology","Software - Application","USA",9306.56,32.35,47.90,-0.60%,2475961
720,"DOG","ProShares Short Dow30 -1x Shares","Financial","Exchange Traded Fund","USA",,,22.91,0.04%,1095381
721,"DOMO","Domo Inc","Technology","Software - Application","USA",173.36,,3.84,-2.04%,497676
722,"DOV","Dover Corp","Industrials","Specialty Industrial Machinery","USA",29602.62,27.39,219.83,-0.48%,711746
723,"DOW","Dow Inc","Basic Materials","Chemicals","USA",26573.74,,36.87,-1.21%,9781536
724,"DOX","Amdocs Ltd","Technology","Software - Infrastructure","USA",6857.65,12.38,63.75,-2.13%,1040454
725,"DPRO","Draganfly Inc","Technology","Computer Hardware","Canada",200.02,,5.48,4.98%,2023830
726,"DPZ","Dominos Pizza Inc","Consumer Cyclical","Restaurants","USA",10760.58,18.62,323.48,-2.72%,947497
727,"DRAM","Roundhill Memory ETF","Financial","Exchange Traded Fund","USA",,,52.80,13.43%,41331555
728,"DRH","Diamondrock Hospitality Co","Real Estate","REIT - Hotel & Motel","USA",2213.24,23.11,10.79,1.22%,1207551
729,"DRI","Darden Restaurants Inc","Consumer Cyclical","Restaurants","USA",22475.20,20.76,196.23,0.54%,877604
730,"DRIP","Direxion Daily S&P Oil & Gas Exp. & Prod. Bear 2X ETF","Financial","Exchange Traded Fund","USA",,,4.84,1.47%,22398366
731,"DRMA","Dermata Therapeutics Inc","Healthcare","Biotechnology","USA",5.07,,1.26,-3.08%,38691
732,"DRN","Direxion Daily Real Estate Bull 3X ETF","Financial","Exchange Traded Fund","USA",,,10.88,-0.09%,920993
733,"DRS","Leonardo DRS Inc","Industrials","Aerospace & Defense","USA",11033.28,38.31,41.36,-0.19%,925001
734,"DRVN","Driven Brands Holdings Inc","Consumer Cyclical","Auto & Truck Dealerships","USA",2205.33,,13.41,-2.47%,1423706
735,"DT","Dynatrace Inc","Technology","Software - Application","USA",12138.82,67.05,40.70,0.82%,5280667
736,"DTE","DTE Energy Co","Utilities","Utilities - Regulated Electric","USA",29248.78,23.11,140.60,-0.99%,1782104
737,"DUHP","Dimensional US High Profitability ETF","Financial","Exchange Traded Fund","USA",,,39.74,0.10%,576630
738,"DUK","Duke Energy Corp","Utilities","Utilities - Regulated Electric","USA",96802.46,19.01,124.17,-0.56%,2586107
739,"DUOL","Duolingo Inc","Technology","Software - Application","USA",5031.59,12.57,107.99,-4.95%,1938957
740,"DUST","Direxion Daily Gold Miners Index Bear 2X ETF","Financial","Exchange Traded Fund","USA",,,45.34,-5.99%,1173628
741,"DV","DoubleVerify Holdings Inc","Communication Services","Advertising Agencies","USA",1697.31,33.41,11.06,1.94%,2747951
742,"DVLT","Datavault AI Inc","Technology","Software - Infrastructure","USA",378.71,,0.54,5.42%,48589603
743,"DVN","Devon Energy Corp","Energy","Oil & Gas E&P","USA",52586.09,12.66,45.61,0.66%,15147823
744,"DX","Dynex Capital Inc","Real Estate","REIT - Mortgage","USA",2885.17,7.98,13.41,0.68%,4289458
745,"DXC","DXC Technology Co","Technology","Information Technology Services","USA",1600.84,160.92,9.43,-21.48%,16632809
746,"DXCM","Dexcom Inc","Healthcare","Medical Devices","USA",23387.76,25.92,60.61,-0.49%,4217962
747,"DXD","ProShares UltraShort Dow 30-2X Shares","Financial","Exchange Traded Fund","USA",,,19.26,0.16%,1220878
748,"DXST","Decent Holding Inc","Industrials","Waste Management","China",3.48,,1.92,-4.00%,34661
749,"DXYZ","Destiny Tech100 Inc","Financial","Asset Management","USA",787.88,15.42,54.60,21.33%,6843526
750,"DYN","Dyne Therapeutics Inc","Healthcare","Biotechnology","USA",2909.52,,17.61,0.40%,1741667
751,"DYNF","iShares U.S. Equity Factor Rotation Active ETF","Financial","Exchange Traded Fund","USA",,,65.77,0.87%,1954044
752,"EA","Electronic Arts Inc","Communication Services","Electronic Gaming & Multimedia","USA",50160.86,57.39,200.44,-0.20%,2738171
753,"EAT","Brinker International Inc","Consumer Cyclical","Restaurants","USA",5947.68,13.58,138.68,-5.21%,1047568
754,"EBAY","EBay Inc","Consumer Cyclical","Internet Retail","USA",47814.36,24.45,107.69,1.19%,4879189
755,"EBC","Eastern Bankshares Inc","Financial","Banks - Regional","USA",4691.01,11.22,20.06,0.50%,1115912
756,"EC","Ecopetrol SA ADR","Energy","Oil & Gas Integrated","Colombia",25985.82,11.72,12.64,-2.77%,2773640
757,"ECC","Eagle Point Credit Company Inc","Financial","Closed-End Fund - Debt","USA",563.21,,4.26,-0.47%,1117103
758,"ECH","iShares MSCI Chile ETF","Financial","Exchange Traded Fund","USA",,,41.64,-0.67%,436711
759,"ECL","Ecolab Inc","Basic Materials","Specialty Chemicals","USA",71547.04,34.37,254.22,-0.91%,1869331
760,"ECVT","Ecovyst Inc","Basic Materials","Specialty Chemicals","USA",1547.67,,14.14,1.22%,2475650
761,"ECX","ECARX Holdings Inc","Consumer Cyclical","Auto Parts","United Kingdom",406.69,,1.14,-3.39%,995946
762,"ED","Consolidated Edison Inc","Utilities","Utilities - Regulated Electric","USA",39178.39,17.91,106.31,-0.08%,2580155
763,"EDBL","Edible Garden AG Inc","Consumer Defensive","Farm Products","USA",2.06,,0.40,2.78%,245390
764,"EDIT","Editas Medicine Inc","Healthcare","Biotechnology","USA",304.49,,3.11,2.64%,1115128
765,"EDSA","Edesa Biotech Inc","Healthcare","Biotechnology","Canada",144.84,,16.30,-6.48%,292122
766,"EDV","Vanguard Extended Duration Treasury ETF","Financial","Exchange Traded Fund","USA",,,64.03,0.69%,708034
767,"EEIQ","EpicQuest Education Group International Limited","Consumer Defensive","Education & Training Services","USA",5.25,,3.55,2.01%,99216
768,"EEM","iShares MSCI Emerging Markets ETF","Financial","Exchange Traded Fund","USA",,,67.94,2.03%,27606257
769,"EFA","iShares MSCI EAFE ETF","Financial","Exchange Traded Fund","USA",,,103.96,1.04%,12280190
770,"EFC","Ellington Financial Inc","Real Estate","REIT - Mortgage","USA",1697.72,8.29,13.62,0.22%,2184794
771,"EFG","iShares MSCI EAFE Growth ETF","Financial","Exchange Traded Fund","USA",,,122.56,1.35%,807559
772,"EFOI","Energy Focus Inc","Consumer Cyclical","Furnishings, Fixtures & Appliances","USA",24.78,,3.93,2.34%,79178
773,"EFOR","Everforth Inc","Technology","Information Technology Services","USA",833.12,8.98,20.32,-2.64%,818928
774,"EFV","iShares MSCI EAFE Value ETF","Financial","Exchange Traded Fund","USA",,,78.03,0.85%,3776877
775,"EFX","Equifax Inc","Industrials","Consulting Services","USA",20936.50,30.96,175.83,0.12%,1402764
776,"EGHT","8X8 Inc","Technology","Software - Application","USA",381.73,,2.74,2.62%,2063159
777,"EGO","Eldorado Gold Corp","Basic Materials","Gold","Canada",8993.06,12.09,34.15,3.02%,3745563
778,"EGY","VAALCO Energy Inc","Energy","Oil & Gas E&P","USA",583.85,,5.60,-6.20%,2732588
779,"EHAB","Enhabit Inc","Healthcare","Medical Care Facilities","USA",706.40,,13.79,0.15%,584868
780,"EHC","Encompass Health Corp","Healthcare","Medical Care Facilities","USA",10525.02,17.71,106.10,-0.98%,967634
781,"EIX","Edison International","Utilities","Utilities - Regulated Electric","USA",26531.54,7.48,68.95,0.55%,1872015
782,"EL","Estee Lauder Cos. Inc","Consumer Defensive","Household & Personal Products","USA",31186.72,,86.20,1.07%,2310635
783,"ELAB","PMGC Holdings Inc","Healthcare","Biotechnology","USA",8.81,,1.98,-8.33%,306557
784,"ELAN","Elanco Animal Health Inc","Healthcare","Drug Manufacturers - Specialty & Generic","USA",11811.98,,23.65,-1.50%,8288045
785,"ELDN","Eledon Pharmaceuticals Inc","Healthcare","Biotechnology","USA",294.30,,3.88,0.52%,1112094
786,"ELF","e.l.f. Beauty Inc","Consumer Defensive","Household & Personal Products","USA",3593.92,34.40,60.86,-1.51%,2261635
787,"ELME","Elme Communities","Real Estate","REIT - Residential","USA",186.60,,2.10,-0.47%,701217
788,"ELMT","Elmet Group Co","Industrials","Aerospace & Defense","USA",439.41,,15.71,2.35%,546191
789,"ELPW","Elong Power Holding Ltd","Industrials","Electrical Equipment & Parts","China",9.08,,6.43,-9.31%,565753
790,"ELS","Equity Lifestyle Properties Inc","Real Estate","REIT - Residential","USA",12672.38,32.28,63.24,-0.08%,1300037
791,"ELV","Elevance Health Inc","Healthcare","Healthcare Plans","USA",82102.58,16.09,378.07,1.38%,1305910
792,"ELVN","Enliven Therapeutics Inc","Healthcare","Biotechnology","USA",2481.88,,40.75,1.14%,606598
793,"EMB","iShares J.P. Morgan USD Emerging Markets Bond ETF","Financial","Exchange Traded Fund","USA",,,96.15,0.26%,3381252
794,"EMBC","Embecta Corp","Healthcare","Medical Instruments & Supplies","USA",215.95,1.91,3.64,1.11%,6510293
795,"EMBJ","Embraer SA ADR","Industrials","Aerospace & Defense","Brazil",10861.28,31.33,60.11,-11.28%,5626988
796,"EMLC","VanEck J.P. Morgan EM Local Currency Bond ETF","Financial","Exchange Traded Fund","USA",,,25.71,0.31%,3976114
797,"EMN","Eastman Chemical Co","Basic Materials","Specialty Chemicals","USA",8421.87,21.31,73.65,-0.05%,859168
798,"EMR","Emerson Electric Co","Industrials","Specialty Industrial Machinery","USA",79147.73,32.60,141.31,0.16%,2534486
799,"EMXC","IShares MSCI Emerging Markets ex China ETF","Financial","Exchange Traded Fund","USA",,,98.02,2.56%,1581379
800,"ENB","Enbridge Inc","Energy","Oil & Gas Midstream","Canada",116924.27,22.83,53.59,-0.74%,5074628
801,"ENPH","Enphase Energy Inc","Technology","Solar","USA",4804.05,35.87,36.45,2.76%,3710949
802,"ENR","Energizer Holdings Inc","Industrials","Electrical Equipment & Parts","USA",1291.41,6.91,18.86,1.62%,1088716
803,"ENSC","Ensysce Biosciences Inc","Healthcare","Biotechnology","USA",3.25,,0.35,-5.35%,223500
804,"ENTG","Entegris Inc","Technology","Semiconductor Equipment & Materials","USA",22739.28,85.94,149.11,0.98%,3012664
805,"ENVB","Enveric Biosciences Inc","Healthcare","Biotechnology","USA",5.66,,2.85,-10.09%,286879
806,"ENVX","Enovix Corp","Industrials","Electrical Equipment & Parts","USA",1435.85,,6.61,2.96%,4728890
807,"EOG","EOG Resources Inc","Energy","Oil & Gas E&P","USA",69257.68,12.79,130.03,-0.66%,3593605
808,"EOLS","Evolus Inc","Healthcare","Drug Manufacturers - Specialty & Generic","USA",418.84,,6.36,-0.47%,844929
809,"EONR","EON Resources Inc","Energy","Oil & Gas E&P","USA",34.63,,0.69,-4.81%,1814037
810,"EOSE","Eos Energy Enterprises Inc","Industrials","Electrical Equipment & Parts","USA",2719.42,,8.01,25.94%,53900107
811,"EPAM","EPAM Systems Inc","Technology","Information Technology Services","USA",5184.22,14.24,99.23,-4.81%,2436318
812,"EPD","Enterprise Products Partners L P","Energy","Oil & Gas Midstream","USA",80461.24,13.83,37.19,-1.43%,5210421
813,"EPRT","Essential Properties Realty Trust Inc","Real Estate","REIT - Retail","USA",6790.12,24.88,31.40,-0.22%,1252871
814,"EQH","Equitable Holdings Inc","Financial","Asset Management","USA",11992.73,,42.60,-0.58%,2485143
815,"EQNR","Equinor ASA ADR","Energy","Oil & Gas Integrated","Norway",93005.84,16.71,36.69,-0.60%,4510468
816,"EQPT","Equipmentshare.Com Inc","Industrials","Rental & Leasing Services","USA",5799.83,,21.80,5.83%,1740728
817,"EQR","Equity Residential Properties Trust","Real Estate","REIT - Residential","USA",24555.99,26.43,65.54,-0.49%,1772320
818,"EQT","EQT Corp","Energy","Oil & Gas E&P","USA",35001.75,10.61,55.96,-0.46%,6206927
819,"EQX","Equinox Gold Corp","Basic Materials","Gold","Canada",11264.52,21.80,14.29,-0.56%,8072410
820,"ERAS","Erasca Inc","Healthcare","Biotechnology","USA",3145.29,,10.12,-2.69%,3134888
821,"ERIC","Telefonaktiebolaget L M Ericsson ADR","Technology","Communication Equipment","Sweden",36490.61,14.98,11.88,1.02%,4866249
822,"ERNA","Ernexa Therapeutics Inc","Healthcare","Biotechnology","USA",8.78,,7.53,-3.71%,1460833
823,"ERO","Ero Copper Corp","Basic Materials","Copper","Canada",2969.89,10.19,28.48,5.09%,1707386
824,"ERY","Direxion Daily Energy Bear 2X ETF","Financial","Exchange Traded Fund","USA",,,12.28,1.24%,1060557
825,"ES","Eversource Energy","Utilities","Utilities - Regulated Electric","USA",25013.08,14.23,66.51,-0.79%,3620526
826,"ESGE","iShare Inc iShares ESG Aware MSCI EM ETF","Financial","Exchange Traded Fund","USA",,,54.37,2.20%,2423710
827,"ESI","Element Solutions Inc","Basic Materials","Specialty Chemicals","USA",10694.36,71.65,43.90,3.86%,3005241
828,"ESPR","Esperion Therapeutics Inc","Healthcare","Drug Manufacturers - Specialty & Generic","USA",808.25,,3.14,0.00%,7428025
829,"ESRT","Empire State Realty Trust Inc","Real Estate","REIT - Diversified","USA",976.73,27.56,5.71,1.78%,914656
830,"ESTC","Elastic N.V","Technology","Software - Application","USA",5407.93,,52.25,1.22%,1270809
831,"ET","Energy Transfer LP","Energy","Oil & Gas Midstream","USA",66552.02,16.25,19.34,-2.91%,11412021
832,"ETH","Grayscale Ethereum Staking Mini ETF","Financial","Exchange Traded Fund","USA",,,21.99,0.92%,1688314
833,"ETHA","iShares Ethereum Trust","Financial","Exchange Traded Fund","USA",,,17.48,1.04%,13283041
834,"ETHE","Grayscale Ethereum Staking ETF","Financial","Exchange Traded Fund","USA",,,18.78,0.81%,1773525
835,"ETHT","ProShares Ultra Ether ETF","Financial","Exchange Traded Fund","USA",,,17.61,1.73%,1130667
836,"ETHU","2x Ether ETF","Financial","Exchange Traded Fund","USA",,,26.51,1.80%,3187398
837,"ETHW","Bitwise Ethereum ETF","Financial","Exchange Traded Fund","USA",,,16.58,0.97%,504795
838,"ETN","Eaton Corp Plc","Industrials","Specialty Industrial Machinery","Ireland",155906.33,39.25,401.51,0.59%,2386948
839,"ETOR","Etoro Group Ltd","Financial","Capital Markets","Israel",3091.36,16.62,38.38,0.37%,1073411
840,"ETR","Entergy Corp","Utilities","Utilities - Regulated Electric","USA",51089.48,28.42,111.59,-0.38%,4139674
841,"ETSY","Etsy Inc","Consumer Cyclical","Internet Retail","USA",6109.42,26.31,64.38,0.56%,2343253
842,"EU","enCore Energy Corp","Energy","Uranium","USA",321.43,,1.65,-11.50%,7747543
843,"EUFN","iShares MSCI Europe Financials ETF","Financial","Exchange Traded Fund","USA",,,38.05,1.01%,359554
844,"EVC","Entravision Communications Corp","Communication Services","Advertising Agencies","USA",659.00,,7.16,3.02%,3814380
845,"EVER","EverQuote Inc","Communication Services","Internet Content & Information","USA",725.15,7.00,20.50,-0.49%,865827
846,"EVEX","Eve Holding Inc","Industrials","Aerospace & Defense","USA",1125.02,,3.23,0.62%,1100627
847,"EVGO","EVgo Inc","Consumer Cyclical","Specialty Retail","USA",618.30,,1.97,3.68%,4195996
848,"EVH","Evolent Health Inc","Healthcare","Health Information Services","USA",470.17,,4.18,-2.11%,2959889
849,"EVLV","Evolv Technologies Holdings Inc","Industrials","Security & Protection Services","USA",1264.42,,7.05,-1.12%,3022901
850,"EVRG","Evergy Inc","Utilities","Utilities - Regulated Electric","USA",18851.36,21.67,81.78,-1.15%,2963813
851,"EVTL","Vertical Aerospace Ltd","Industrials","Aerospace & Defense","United Kingdom",357.79,,2.81,4.85%,3273680
852,"EW","Edwards Lifesciences Corp","Healthcare","Medical Devices","USA",46040.97,43.44,79.96,-3.38%,4031504
853,"EWA","iShares MSCI Australia ETF","Financial","Exchange Traded Fund","USA",,,29.54,0.20%,1946620
854,"EWBC","East West Bancorp Inc","Financial","Banks - Regional","USA",16847.01,12.27,122.99,0.87%,723152
855,"EWC","iShares MSCI Canada ETF","Financial","Exchange Traded Fund","USA",,,58.09,0.47%,1241671
856,"EWG","iShares MSCI Germany ETF","Financial","Exchange Traded Fund","USA",,,42.65,0.35%,1195342
857,"EWH","iShares MSCI Hong Kong ETF","Financial","Exchange Traded Fund","USA",,,24.28,-0.25%,2192709
858,"EWJ","iShares MSCI Japan ETF","Financial","Exchange Traded Fund","USA",,,92.22,1.35%,4426292
859,"EWT","iShares MSCI Taiwan ETF","Financial","Exchange Traded Fund","USA",,,96.11,1.91%,4306374
860,"EWTX","Edgewise Therapeutics Inc","Healthcare","Biotechnology","USA",3800.19,,35.32,-0.73%,1015651
861,"EWU","iShares MSCI United Kingdom ETF","Financial","Exchange Traded Fund","USA",,,46.70,0.93%,1005578
862,"EWW","iShares MSCI Mexico ETF","Financial","Exchange Traded Fund","USA",,,79.87,0.41%,766370
863,"EWY","iShares MSCI South Korea ETF","Financial","Exchange Traded Fund","USA",,,190.20,7.61%,21526155
864,"EWZ","iShares MSCI Brazil ETF","Financial","Exchange Traded Fund","USA",,,39.12,0.82%,24472790
865,"EXC","Exelon Corp","Utilities","Utilities - Regulated Electric","USA",44929.07,16.08,43.91,-1.13%,5518298
866,"EXE","Expand Energy Corp","Energy","Oil & Gas E&P","USA",22951.62,7.15,95.94,-1.52%,2173840
867,"EXEL","Exelixis Inc","Healthcare","Biotechnology","USA",12105.26,15.96,48.16,4.22%,2179091
868,"EXK","Endeavour Silver Corp","Basic Materials","Silver","Canada",2966.47,,10.03,-1.18%,10915639
869,"EXLS","ExlService Holdings Inc","Technology","Information Technology Services","USA",4748.49,19.83,31.08,-0.83%,1760382
870,"EXPD","Expeditors International Of Washington Inc","Industrials","Integrated Freight & Logistics","USA",20493.66,25.31,156.69,3.18%,1054238
871,"EXPE","Expedia Group Inc","Consumer Cyclical","Travel Services","USA",28180.47,20.26,229.98,-9.02%,4189786
872,"EXR","Extra Space Storage Inc","Real Estate","REIT - Industrial","USA",31623.75,32.60,143.30,0.02%,647444
873,"EXTR","Extreme Networks Inc","Technology","Communication Equipment","USA",3143.91,199.83,24.04,2.21%,2397562
874,"EYE","National Vision Holdings Inc","Consumer Cyclical","Specialty Retail","USA",1823.88,62.05,22.96,0.57%,1064656
875,"EYPT","EyePoint Inc","Healthcare","Biotechnology","USA",1145.27,,13.66,1.86%,661535
876,"EZGO","EZGO Technologies Ltd","Consumer Cyclical","Recreational Vehicles","China",0.84,,0.04,-41.94%,243024259
877,"EZRA","Reliance Global Group Inc","Financial","Insurance Brokers","USA",3.78,,0.17,-2.97%,2038990
878,"EZU","iShares MSCI EMU ETF","Financial","Exchange Traded Fund","USA",,,67.86,0.97%,828351
879,"F","Ford Motor Co","Consumer Cyclical","Auto Manufacturers","USA",49093.23,,12.32,1.15%,38453652
880,"FA","First Advantage Corp","Industrials","Specialty Business Services","USA",2737.73,327.72,15.96,1.27%,1987759
881,"FABC","Fabric.AI Inc","Consumer Cyclical","Auto Manufacturers","USA",6.65,,4.57,-4.99%,1188234
882,"FAF","First American Financial Corp","Financial","Insurance - Specialty","USA",7238.98,10.91,71.04,1.75%,515267
883,"FALN","iShares Fallen Angels USD Bond ETF","Financial","Exchange Traded Fund","USA",,,27.13,0.33%,609609
884,"FANG","Diamondback Energy Inc","Energy","Oil & Gas E&P","USA",53083.82,212.76,188.70,-0.92%,3161824
885,"FAST","Fastenal Co","Industrials","Industrial Distribution","USA",50708.71,39.11,44.17,-0.43%,4384350
886,"FATE","Fate Therapeutics Inc","Healthcare","Biotechnology","USA",277.87,,2.39,-1.65%,2848835
887,"FATN","Fatpipe Inc","Technology","Software - Infrastructure","USA",43.86,66.88,3.15,-12.26%,230658
888,"FBIN","Fortune Brands Innovations Inc","Industrials","Building Products & Equipment","USA",4530.76,16.85,37.98,-2.81%,8733784
889,"FBL","GraniteShares 2x Long META Daily ETF","Financial","Exchange Traded Fund","USA",,,25.34,-2.26%,1320025
890,"FBND","Fidelity Total Bond ETF","Financial","Exchange Traded Fund","USA",,,45.75,0.24%,1996283
891,"FBP","First Bancorp PR","Financial","Banks - Regional","USA",3744.98,10.71,24.05,0.25%,1058299
892,"FBRT","Franklin BSP Realty Trust Inc","Real Estate","REIT - Mortgage","USA",699.59,17.72,9.09,0.55%,910324
893,"FBTC","Fidelity Wise Origin Bitcoin Fund","Financial","Exchange Traded Fund","USA",,,69.81,0.01%,2003165
894,"FCEL","Fuelcell Energy Inc","Industrials","Electrical Equipment & Parts","USA",725.80,,13.70,11.56%,9610582
895,"FCG","First Trust Natural Gas ETF","Financial","Exchange Traded Fund","USA",,,28.92,-0.96%,657802
896,"FCX","Freeport-McMoRan Inc","Basic Materials","Copper","USA",88603.48,32.80,61.65,1.72%,12202694
897,"FDL","First Trust Morningstar Dividend Leaders Index Fund","Financial","Exchange Traded Fund","USA",,,49.03,-0.37%,474710
898,"FDS","Factset Research Systems Inc","Financial","Financial Data & Stock Exchanges","USA",8146.36,14.38,223.61,-0.17%,775668
899,"FDX","Fedex Corp","Industrials","Integrated Freight & Logistics","USA",90331.74,20.15,378.58,0.70%,1369839
900,"FE","Firstenergy Corp","Utilities","Utilities - Regulated Electric","USA",25641.86,24.09,44.33,-1.86%,6388637
901,"FEED","ENvue Medical Inc","Healthcare","Medical Devices","USA",4.40,,1.19,-9.85%,937870
902,"FELC","Fidelity Enhanced Large Cap Core ETF","Financial","Exchange Traded Fund","USA",,,41.15,0.76%,481769
903,"FENI","Fidelity Enhanced International ETF","Financial","Exchange Traded Fund","USA",,,39.93,1.19%,1699085
904,"FENY","Fidelity MSCI Energy Index ETF","Financial","Exchange Traded Fund","USA",,,31.15,-0.54%,1623524
905,"FER","Ferrovial N. V","Industrials","Engineering & Construction","Netherlands",50746.76,50.93,70.42,0.56%,1669384
906,"FERG","Ferguson Enterprises Inc","Industrials","Industrial Distribution","USA",46804.96,31.93,241.34,-2.11%,1382157
907,"FETH","Fidelity Ethereum Fund","Financial","Exchange Traded Fund","USA",,,23.08,0.83%,903552
908,"FEZ","State Street SPDR EURO Stoxx 50 ETF","Financial","Exchange Traded Fund","USA",,,67.08,0.83%,1727938
909,"FFAI","Faraday Future Intelligent Electric Inc","Consumer Cyclical","Auto Manufacturers","USA",122.88,,0.40,8.06%,14923552
910,"FHB","First Hawaiian INC","Financial","Banks - Regional","USA",3325.88,11.96,27.34,-0.33%,1550501
911,"FHN","First Horizon Corp","Financial","Banks - Regional","USA",11680.34,12.34,24.61,0.57%,4129907
912,"FIBK","First Interstate BancSystem Inc","Financial","Banks - Regional","USA",3537.94,11.87,36.42,0.47%,1559801
913,"FIG","Figma Inc","Technology","Software - Application","USA",10843.81,,20.66,0.49%,10563648
914,"FIGR","Figure Technology Solutions Inc","Financial","Capital Markets","USA",8261.89,,37.63,0.32%,2564847
915,"FIGS","Figs Inc","Consumer Cyclical","Apparel Manufacturing","USA",1934.97,53.13,11.63,-24.33%,11615738
916,"FINV","FinVolution Group ADR","Financial","Credit Services","China",671.84,3.87,5.17,1.17%,892781
917,"FIS","Fidelity National Information Services Inc","Technology","Information Technology Services","USA",22371.42,8.41,43.49,-7.96%,11469641
918,"FISV","Fiserv Inc","Technology","Information Technology Services","USA",29584.93,9.41,55.48,-2.34%,5568933
919,"FITB","Fifth Third Bancorp","Financial","Banks - Regional","USA",44708.35,16.54,49.33,-0.68%,4216508
920,"FIVE","Five Below Inc","Consumer Cyclical","Specialty Retail","USA",12325.35,34.54,223.13,0.85%,970416
921,"FIVN","Five9 Inc","Technology","Software - Infrastructure","USA",1692.06,33.55,22.10,-0.45%,2942373
922,"FJET","Starfighters Space Inc","Industrials","Aerospace & Defense","USA",250.91,,5.68,6.77%,1380094
923,"FLEX","Flex Ltd","Technology","Electronic Components","USA",52272.20,60.97,142.17,6.89%,10301089
924,"FLG","Flagstar Bank NA","Financial","Banks - Regional","USA",5952.12,,14.28,-0.07%,4025967
925,"FLJP","Franklin FTSE Japan ETF","Financial","Exchange Traded Fund","USA",,,39.45,1.41%,947377
926,"FLNC","Fluence Energy Inc","Utilities","Utilities - Renewable","USA",4443.88,,24.16,27.36%,41472189
927,"FLO","Flowers Foods Inc","Consumer Defensive","Packaged Foods","USA",1788.07,21.43,8.44,-1.52%,4702082
928,"FLOT","iShares Floating Rate Bond ETF","Financial","Exchange Traded Fund","USA",,,50.90,0.06%,724927
929,"FLR","Fluor Corp","Industrials","Engineering & Construction","USA",6220.51,34.58,43.31,-15.21%,11038586
930,"FLRN","State Street SPDR Bloomberg Investment Grade Floating Rate ETF","Financial","Exchange Traded Fund","USA",,,30.76,0.07%,706999
931,"FLS","Flowserve Corp","Industrials","Specialty Industrial Machinery","USA",9090.91,26.33,71.13,-0.57%,2051411
932,"FLUT","Flutter Entertainment Plc","Consumer Cyclical","Gambling","USA",17604.25,,101.19,-0.01%,2897237
933,"FLY","Firefly Aerospace Inc","Industrials","Aerospace & Defense","USA",6358.13,,39.68,22.62%,11917290
934,"FLYW","Flywire Corp","Technology","Software - Infrastructure","USA",2126.49,74.40,17.23,-2.82%,2218443
935,"FMC","FMC Corp","Basic Materials","Agricultural Inputs","USA",1675.61,,13.40,-2.05%,3858826
936,"FMDE","Fidelity Enhanced Mid Cap ETF","Financial","Exchange Traded Fund","USA",,,38.83,0.31%,685080
937,"FMFC","Kandal M Venture Ltd","Consumer Cyclical","Footwear & Accessories","USA",7.50,,0.41,2.53%,102681
938,"FNB","F.N.B. Corp","Financial","Banks - Regional","USA",6371.75,11.04,17.90,-0.11%,3118035
939,"FND","Floor & Decor Holdings Inc","Consumer Cyclical","Home Improvement Retail","USA",5591.71,28.12,51.73,0.41%,3044180
940,"FNDE","Schwab Fundamental Emerging Markets Equity ETF","Financial","Exchange Traded Fund","USA",,,41.56,0.92%,926143
941,"FNDF","Schwab Fundamental International Equity ETF","Financial","Exchange Traded Fund","USA",,,53.29,1.76%,1457717
942,"FNDX","Schwab Fundamental U.S. Large Company ETF","Financial","Exchange Traded Fund","USA",,,30.38,0.73%,2001990
943,"FNF","Fidelity National Financial Inc","Financial","Insurance - Specialty","USA",13613.99,17.98,50.58,0.62%,2139631
944,"FNGU","MicroSectors FANG+ 3X Leveraged ETNs","Financial","Exchange Traded Fund","USA",,,29.20,7.16%,6550977
945,"FOLD","Amicus Therapeutics Inc","Healthcare","Biotechnology","USA",4549.86,,14.49,0.00%,0
946,"FORM","FormFactor Inc","Technology","Semiconductor Equipment & Materials","USA",11527.17,170.02,147.87,2.20%,1865963
947,"FOUR","Shift4 Payments Inc","Technology","Software - Infrastructure","USA",3377.83,49.59,42.58,-9.11%,1767578
948,"FOX","Fox Corp","Communication Services","Entertainment","USA",25349.82,13.62,56.60,0.18%,939712
949,"FOXA","Fox Corp","Communication Services","Entertainment","USA",25349.82,15.15,62.94,0.40%,4250081
950,"FPE","First Trust Preferred Securities and Income ETF","Financial","Exchange Traded Fund","USA",,,18.15,0.28%,877181
951,"FPS","Forgent Power Solutions Inc","Industrials","Electrical Equipment & Parts","USA",12292.84,,40.38,1.74%,2817924
952,"FR","First Industrial Realty Trust Inc","Real Estate","REIT - Industrial","USA",8597.78,24.31,62.75,0.53%,714289
953,"FRMI","Fermi Inc","Real Estate","REIT - Specialty","USA",3334.51,,5.23,2.15%,7465721
954,"FRMM","Forum Markets Inc","Technology","Software - Application","USA",93.64,,4.61,-3.56%,370415
955,"FRO","Frontline Plc","Energy","Oil & Gas Midstream","Cyprus",8795.83,23.20,39.51,3.65%,2578963
956,"FROG","JFrog Ltd","Technology","Software - Application","USA",8547.65,,70.55,23.73%,9196270
957,"FRPT","Freshpet Inc","Consumer Defensive","Packaged Foods","USA",2608.50,14.22,53.08,-4.99%,1869781
958,"FRSH","Freshworks Inc","Technology","Software - Application","USA",2537.81,13.90,8.83,-2.21%,9173057
959,"FSCO","FS Credit Opportunities Corp","Financial","Closed-End Fund - Debt","USA",1041.69,6.78,5.15,0.00%,907237
960,"FSK","FS KKR Capital Corp","Financial","Asset Management","USA",3035.92,275.83,10.84,-1.00%,5875664
961,"FSLR","First Solar Inc","Technology","Solar","USA",23634.37,14.21,219.95,2.51%,1938650
962,"FSLY","Fastly Inc","Technology","Software - Application","USA",3209.82,,20.51,5.18%,19170708
963,"FSM","Fortuna Mining Corp","Basic Materials","Gold","Canada",3277.07,10.00,10.76,2.87%,5995380
964,"FTAI","FTAI Aviation Ltd","Industrials","Aerospace & Defense","USA",27727.15,53.75,270.29,-0.83%,968053
965,"FTI","TechnipFMC plc","Energy","Oil & Gas Equipment & Services","USA",27968.94,26.84,70.15,-1.24%,3553475
966,"FTNT","Fortinet Inc","Technology","Software - Infrastructure","USA",84403.08,44.07,114.07,5.65%,9904392
967,"FTRE","Fortrea Holdings Inc","Healthcare","Biotechnology","USA",1459.68,,15.43,-0.90%,1391417
968,"FTSM","First Trust Enhanced Short Maturity ETF","Financial","Exchange Traded Fund","USA",,,59.85,0.06%,1138468
969,"FTV","Fortive Corp","Technology","Scientific & Technical Instruments","USA",18422.75,36.19,60.43,-0.77%,2769475
970,"FTXO","First Trust Nasdaq Bank ETF","Financial","Exchange Traded Fund","USA",,,38.25,-0.99%,126815
971,"FUBO","fuboTV Inc","Communication Services","Broadcasting","USA",1114.20,2.38,10.28,-4.73%,1786881
972,"FULC","Fulcrum Therapeutics Inc","Healthcare","Biotechnology","USA",467.10,,7.01,1.89%,646186
973,"FULT","Fulton Financial Corp","Financial","Banks - Regional","USA",4137.59,10.26,21.50,0.23%,1348475
974,"FUN","Six Flags Entertainment Corp","Consumer Cyclical","Leisure","USA",2249.51,,22.01,-3.30%,3064165
975,"FUSE","Fusemachines Inc","Technology","Software - Application","USA",43.70,,1.51,-3.82%,74039
976,"FUTU","Futu Holdings Ltd ADR","Financial","Capital Markets","Hong Kong",13844.49,14.05,144.59,-0.21%,3090410
977,"FVRR","Fiverr International Ltd","Communication Services","Internet Content & Information","Israel",411.64,14.65,11.45,-2.55%,1060696
978,"FWONK","Liberty Media Corp","Communication Services","Entertainment","USA",23438.07,30.33,94.45,1.04%,2735690
979,"FWRG","First Watch Restaurant Group Inc","Consumer Cyclical","Restaurants","USA",745.90,43.43,12.10,1.26%,990879
980,"FXI","iShares China Large-Cap ETF","Financial","Exchange Traded Fund","USA",,,37.24,0.13%,19520929
981,"FXN","First Trust Energy AlphaDEX Fund","Financial","Exchange Traded Fund","USA",,,21.11,-0.33%,6530476
982,"G","Genpact Ltd","Technology","Information Technology Services","Bermuda",5527.47,10.01,32.56,-5.57%,5439250
983,"GAB","Gabelli Equity Trust Inc","Financial","Closed-End Fund - Equity","USA",1764.49,5.79,5.67,0.00%,869180
984,"GAME","GameSquare Holdings Inc","Communication Services","Electronic Gaming & Multimedia","USA",45.34,,0.47,6.12%,1952528
985,"GAP","Gap Inc","Consumer Cyclical","Apparel Retail","USA",8538.00,10.91,23.37,-2.22%,6911334
986,"GAU","Galiano Gold Inc","Basic Materials","Gold","Canada",673.43,,2.58,1.98%,1685126
987,"GBDC","Golub Capital BDC Inc","Financial","Asset Management","USA",3428.12,17.13,13.16,0.08%,1402391
988,"GBR","New Concept Energy Inc","Real Estate","Real Estate Services","USA",4.05,,0.79,-2.43%,55754
989,"GBTC","Grayscale Bitcoin Trust","Financial","Exchange Traded Fund","USA",,,62.31,0.05%,1235027
990,"GBTG","Global Business Travel Group Inc","Consumer Cyclical","Travel Services","USA",4945.59,59.36,9.45,0.11%,2388608
991,"GCGRU","General Catalyst Global Resilience Merger Corp","Financial","Shell Companies","USA",415.67,,10.10,0.00%,978328
992,"GCTK","GlucoTrack Inc","Healthcare","Medical Instruments & Supplies","USA",1.56,,0.80,-6.93%,1562081
993,"GCTS","GCT Semiconductor Holding Inc","Technology","Semiconductors","USA",123.24,,1.70,13.33%,12337191
994,"GD","General Dynamics Corp","Industrials","Aerospace & Defense","USA",93712.17,21.79,346.53,-0.35%,1558412
995,"GDC","GD Culture Group Limited","Communication Services","Electronic Gaming & Multimedia","USA",9.72,,0.16,5.96%,475995475
996,"GDDY","Godaddy Inc","Technology","Software - Infrastructure","USA",12051.94,14.39,91.02,1.42%,2121062
997,"GDRX","GoodRx Holdings Inc","Healthcare","Health Information Services","USA",1000.32,49.91,2.92,2.82%,2923364
998,"GDS","GDS Holdings Limited ADR","Technology","Information Technology Services","China",8891.15,98.90,44.25,1.44%,1123568
999,"GDX","VanEck Gold Miners ETF","Financial","Exchange Traded Fund","USA",,,94.59,3.13%,19426920
1000,"GDXD","MicroSectors Gold Miners -3X Inverse Leveraged ETNs","Financial","Exchange Traded Fund","USA",,,32.41,-8.96%,965923
1001,"GDXJ","VanEck Junior Gold Miners ETF","Financial","Exchange Traded Fund","USA",,,125.84,2.79%,5082988
1002,"GDXU","MicroSectors Gold Miners 3X Leveraged ETN","Financial","Exchange Traded Fund","USA",,,203.99,8.70%,1295402
1003,"GDYN","Grid Dynamics Holdings Inc","Technology","Information Technology Services","USA",583.29,114.53,6.97,-0.21%,3022668
1004,"GE","GE Aerospace","Industrials","Aerospace & Defense","USA",310027.67,36.62,297.15,-1.81%,3952221
1005,"GEHC","GE HealthCare Technologies Inc","Healthcare","Medical Devices","USA",28871.98,15.19,63.47,3.47%,8357227
1006,"GEMI","Gemini Space Station Inc","Financial","Capital Markets","USA",599.93,,5.00,5.26%,1985167
1007,"GEN","Gen Digital Inc","Technology","Software - Infrastructure","USA",13736.45,14.34,22.68,12.33%,17306895
1008,"GENI","Genius Sports Limited","Communication Services","Internet Content & Information","United Kingdom",1127.75,,4.40,-7.95%,6056289
1009,"GEO","Geo Group Inc","Industrials","Security & Protection Services","USA",2907.53,11.06,21.76,2.54%,2909133
1010,"GERN","Geron Corp","Healthcare","Biotechnology","USA",891.71,,1.39,-4.79%,12746103
1011,"GETY","Getty Images Holdings Inc","Communication Services","Internet Content & Information","USA",350.33,,0.84,0.26%,563928
1012,"GEV","GE Vernova Inc","Industrials","Specialty Industrial Machinery","USA",279509.12,30.30,1040.15,-0.52%,1828703
1013,"GEVO","Gevo Inc","Basic Materials","Specialty Chemicals","USA",445.44,,1.83,-9.85%,6127423
1014,"GFAI","Guardforce AI Co Ltd","Industrials","Security & Protection Services","Singapore",15.91,,0.51,7.72%,477988
1015,"GFI","Gold Fields Ltd ADR","Basic Materials","Gold","South Africa",40150.60,11.35,44.86,-0.13%,2728563
1016,"GFL","GFL Environmental Inc","Industrials","Waste Management","USA",13149.98,85.42,36.74,-1.21%,1844356
1017,"GFS","GlobalFoundries Inc","Technology","Semiconductors","USA",41241.65,53.25,74.12,4.50%,6172384
1018,"GGAL","Grupo Financiero Galicia ADR","Financial","Banks - Regional","Argentina",5559.70,37.74,41.96,-2.96%,814762
1019,"GGB","Gerdau SA ADR","Basic Materials","Steel","Brazil",6028.02,32.55,4.85,2.11%,14934036
1020,"GGG","Graco Inc","Industrials","Specialty Industrial Machinery","USA",12877.47,25.31,77.59,-1.37%,947205
1021,"GGLL","Direxion Daily GOOGL Bull 2X ETF","Financial","Exchange Traded Fund","USA",,,147.97,1.38%,910811
1022,"GGLS","Direxion Daily GOOGL Bear 1X ETF","Financial","Exchange Traded Fund","USA",,,5.17,-0.58%,9931843
1023,"GH","Guardant Health Inc","Healthcare","Diagnostics & Research","USA",12689.81,,95.70,3.73%,3186826
1024,"GIL","Gildan Activewear Inc","Consumer Cyclical","Apparel Manufacturing","Canada",10973.77,34.57,59.26,-0.24%,562699
1025,"GILD","Gilead Sciences Inc","Healthcare","Drug Manufacturers - General","USA",163055.37,17.87,131.33,-2.04%,10250367
1026,"GIPR","Generation Income Properties Inc","Real Estate","REIT - Diversified","USA",1.49,,0.27,4.44%,326515
1027,"GIS","General Mills Inc","Consumer Defensive","Packaged Foods","USA",18508.06,8.53,34.68,-2.88%,9943710
1028,"GLBE","Global E Online Ltd","Consumer Cyclical","Internet Retail","Israel",5049.17,77.20,29.80,-8.67%,2220557
1029,"GLD","SPDR Gold Shares","Financial","Exchange Traded Fund","USA",,,433.77,0.48%,5380889
1030,"GLDG","GoldMining Inc","Basic Materials","Gold","Canada",256.80,,1.20,0.84%,1241333
1031,"GLDM","SPDR Gold MiniShares Trust","Financial","Exchange Traded Fund","USA",,,93.49,0.47%,2243739
1032,"GLE","Global Engine Group Holding Ltd","Technology","Information Technology Services","Hong Kong",8.40,,0.46,-16.39%,6254763
1033,"GLL","ProShares UltraShort Gold -2x Shares","Financial","Exchange Traded Fund","USA",,,19.73,-0.95%,2656751
1034,"GLMD","Galmed Pharmaceuticals Ltd","Healthcare","Biotechnology","Israel",4.03,,0.61,-2.47%,109773
1035,"GLND","Greenland Energy Co","Energy","Oil & Gas E&P","USA",129.76,29.39,3.06,4.44%,1301127
1036,"GLNG","Golar Lng","Energy","Oil & Gas Midstream","Bermuda",5658.52,85.93,55.70,1.22%,1717114
1037,"GLOB","Globant SA","Technology","Information Technology Services","Luxembourg",1693.93,17.23,39.23,-4.25%,1472457
1038,"GLPI","Gaming and Leisure Properties Inc","Real Estate","REIT - Specialty","USA",13656.96,15.28,48.22,0.62%,928247
1039,"GLUE","Monte Rosa Therapeutics Inc","Healthcare","Biotechnology","USA",1638.06,,19.39,-2.12%,547092
1040,"GLW","Corning Inc","Technology","Electronic Components","USA",160887.64,89.72,186.94,2.49%,20589364
1041,"GLXY","Galaxy Digital Inc","Financial","Capital Markets","USA",11797.53,,30.23,3.17%,4549251
1042,"GM","General Motors Company","Consumer Cyclical","Auto Manufacturers","USA",71051.22,31.78,78.80,0.50%,2950300
1043,"GMAB","Genmab ADR","Healthcare","Biotechnology","Denmark",15786.90,17.07,26.43,-2.33%,5919604
1044,"GME","Gamestop Corp","Consumer Cyclical","Specialty Retail","USA",10886.55,32.60,24.28,1.29%,5957753
1045,"GMED","Globus Medical Inc","Healthcare","Medical Devices","USA",10527.55,18.15,77.95,-8.37%,6038909
1046,"GNL","Global Net Lease Inc","Real Estate","REIT - Diversified","USA",1956.13,,9.23,1.21%,2090776
1047,"GNRC","Generac Holdings Inc","Industrials","Specialty Industrial Machinery","USA",15859.81,84.45,269.41,1.00%,634784
1048,"GNS","Genius Group Ltd","Consumer Defensive","Education & Training Services","Singapore",41.87,,0.25,-4.29%,2343060
1049,"GNTX","Gentex Corp","Consumer Cyclical","Auto Parts","USA",4980.94,13.18,23.39,1.34%,1415186
1050,"GNW","Genworth Financial Inc","Financial","Insurance - Life","USA",3496.87,17.31,9.13,-0.11%,2287116
1051,"GO","Grocery Outlet Holding Corp","Consumer Defensive","Grocery Stores","USA",803.87,,8.19,1.87%,2130217
1052,"GOF","Guggenheim Strategic Opportunities Fund","Financial","Closed-End Fund - Debt","USA",2442.74,6.66,11.52,0.26%,1011521
1053,"GOGO","Gogo Inc","Communication Services","Telecom Services","USA",595.05,43.69,4.40,-5.78%,1877422
1054,"GOOG","Alphabet Inc","Communication Services","Internet Content & Information","USA",4835677.67,30.29,397.05,0.44%,13762461
1055,"GOOGL","Alphabet Inc","Communication Services","Internet Content & Information","USA",4835677.67,30.57,400.80,0.71%,21461849
1056,"GORO","Gold Resource Corp","Basic Materials","Other Precious Metals & Mining","USA",212.07,64.53,1.31,-8.39%,2722283
1057,"GOSS","Gossamer Bio Inc","Healthcare","Biotechnology","USA",76.75,,0.33,-4.86%,3392857
1058,"GOVT","iShares U.S. Treasury Bond ETF","Financial","Exchange Traded Fund","USA",,,22.82,0.15%,4791588
1059,"GPC","Genuine Parts Co","Consumer Cyclical","Auto Parts","USA",14412.04,243.08,104.72,-0.50%,955341
1060,"GPGI","GPGI Inc","Industrials","Metal Fabrication","USA",4023.28,,13.88,7.26%,8129580
1061,"GPIQ","Goldman Sachs Nasdaq-100 Premium Income ETF","Financial","Exchange Traded Fund","USA",,,57.57,1.75%,1775782
1062,"GPK","Graphic Packaging Holding Co","Consumer Cyclical","Packaging & Containers","USA",3145.28,11.60,10.63,-3.63%,6743244
1063,"GPN","Global Payments Inc","Technology","Software - Infrastructure","USA",19044.06,18.43,69.19,-1.34%,3560763
1064,"GPRE","Green Plains Inc","Basic Materials","Chemicals","USA",1273.85,,18.19,10.51%,2407804
1065,"GPRK","Geopark Limited","Energy","Oil & Gas E&P","Colombia",603.45,9.89,9.33,1.97%,490920
1066,"GPRO","GoPro Inc","Technology","Consumer Electronics","USA",227.74,,1.37,-1.44%,4566211
1067,"GPUS","Hyperscale Data Inc","Industrials","Aerospace & Defense","USA",53.17,,0.12,0.08%,30583794
1068,"GRAB","Grab Holdings Limited","Technology","Software - Application","Singapore",15247.26,43.06,3.72,-1.85%,52453141
1069,"GRAL","GRAIL Inc","Healthcare","Diagnostics & Research","USA",2645.38,,61.64,-2.03%,537754
1070,"GRML","Greenland Mines Ltd","Basic Materials","Other Precious Metals & Mining","USA",55.78,,0.46,-7.41%,1900287
1071,"GRND","Grindr Inc","Technology","Software - Application","USA",2793.88,30.34,15.09,9.27%,5925125
1072,"GRNY","Fundstrat Granny Shots US Large Cap ETF","Financial","Exchange Traded Fund","USA",,,26.99,1.20%,1457668
1073,"GROY","Gold Royalty Corp","Basic Materials","Gold","Canada",833.16,,3.61,0.28%,1747277
1074,"GRPN","Groupon Inc","Communication Services","Internet Content & Information","USA",675.36,,17.78,15.01%,6213045
1075,"GS","Goldman Sachs Group Inc","Financial","Capital Markets","USA",276268.54,17.11,936.48,1.15%,1665039
1076,"GSAT","Globalstar Inc","Communication Services","Telecom Services","USA",10556.05,,82.09,0.75%,930466
1077,"GSBD","Goldman Sachs BDC Inc","Financial","Asset Management","USA",1044.64,14.49,9.28,-6.64%,2838519
1078,"GSG","iShares S&P GSCI Commodity Indexed Trust","Financial","Exchange Traded Fund","USA",,,32.81,-0.24%,1059317
1079,"GSK","GSK Plc ADR","Healthcare","Drug Manufacturers - General","United Kingdom",100618.86,13.18,50.41,-0.18%,2409267
1080,"GSM","Ferroglobe Plc","Basic Materials","Other Industrial Metals & Mining","United Kingdom",761.46,,4.07,2.77%,1388562
1081,"GSOL","Grayscale Solana Staking ETF","Financial","Exchange Traded Fund","USA",,,6.93,4.84%,2418572
1082,"GSUN","Golden Sun Technology Group Ltd","Consumer Defensive","Education & Training Services","China",5.34,,0.53,-0.08%,111673
1083,"GT","Goodyear Tire & Rubber Co","Consumer Cyclical","Auto Parts","USA",1869.79,,6.51,-5.17%,8333648
1084,"GTES","Gates Industrial Corp Plc","Industrials","Specialty Industrial Machinery","USA",6623.62,27.12,26.09,0.42%,1360867
1085,"GTLB","Gitlab Inc","Technology","Software - Infrastructure","USA",4420.03,,25.98,0.23%,3963493
1086,"GTLS","Chart Industries Inc","Industrials","Specialty Industrial Machinery","USA",9928.76,802.75,207.43,0.02%,815177
1087,"GTM","ZoomInfo Technologies Inc","Technology","Software - Application","USA",1901.59,16.49,6.38,-3.77%,19864131
1088,"GTN","Gray Media Inc","Communication Services","Broadcasting","USA",515.81,,4.33,-2.04%,2093230
1089,"GTX","Garrett Motion Inc","Consumer Cyclical","Auto Parts","Switzerland",5428.47,16.84,29.00,7.29%,4243061
1090,"GUSH","Direxion Daily S&P Oil & Gas Exp. & Prod. Bull 2X ETF","Financial","Exchange Traded Fund","USA",,,35.69,-1.03%,831893
1091,"GUTS","Fractyl Health Inc","Healthcare","Biotechnology","USA",119.73,,0.75,0.88%,1187704
1092,"GV","Visionary Holdings Inc","Consumer Defensive","Education & Training Services","Canada",1.02,,0.18,7.24%,30856304
1093,"GVH","Globavend Holdings Ltd","Industrials","Integrated Freight & Logistics","Australia",9.25,1.11,4.37,6.85%,34575
1094,"GWRE","Guidewire Software Inc","Technology","Software - Application","USA",11720.83,62.99,138.45,-0.81%,647937
1095,"GXAI","Gaxos.AI Inc","Communication Services","Electronic Gaming & Multimedia","USA",12.88,,1.26,3.28%,512959
1096,"GXO","GXO Logistics Inc","Industrials","Integrated Freight & Logistics","USA",5937.66,45.11,51.61,-0.52%,1541314
1097,"HAFN","Hafnia Ltd","Industrials","Marine Shipping","Singapore",4348.02,13.30,8.96,1.36%,1237194
1098,"HAIN","Hain Celestial Group Inc","Consumer Defensive","Packaged Foods","USA",60.06,,0.66,-10.44%,1009198
1099,"HAL","Halliburton Co","Energy","Oil & Gas Equipment & Services","USA",33273.89,21.85,39.83,1.81%,9047519
1100,"HALO","Halozyme Therapeutics Inc","Healthcare","Biotechnology","USA",7596.57,25.73,64.12,-1.64%,1706544
1101,"HAS","Hasbro Inc","Consumer Cyclical","Leisure","USA",13837.98,,97.78,0.40%,1129153
1102,"HAWK","HawkEye 360 Inc","Industrials","Aerospace & Defense","USA",3090.26,1156.79,33.20,-2.35%,2575121
1103,"HAYW","Hayward Holdings Inc","Industrials","Electrical Equipment & Parts","USA",3163.32,20.18,14.58,-1.29%,3319103
1104,"HBAN","Huntington Bancshares Inc","Financial","Banks - Regional","USA",32677.35,12.34,16.12,-0.43%,26015737
1105,"HBM","Hudbay Minerals Inc","Basic Materials","Copper","Canada",9929.19,15.10,25.02,4.91%,3890443
1106,"HCA","HCA Healthcare Inc","Healthcare","Medical Care Facilities","USA",96542.46,14.97,435.19,1.44%,1599292
1107,"HCAI","Huachen AI Parking Management Technology Holding Co Ltd","Industrials","Farm & Heavy Construction Machinery","China",13.95,10000.00,12.00,-17.24%,46130
1108,"HCWB","HCW Biologics Inc","Healthcare","Biotechnology","USA",2.21,,0.33,2.62%,272197
1109,"HCWC","Healthy Choice Wellness Corp","Consumer Defensive","Packaged Foods","USA",6.60,,0.29,1.68%,148756
1110,"HD","Home Depot Inc","Consumer Cyclical","Home Improvement Retail","USA",316189.01,22.30,317.45,-1.61%,4995480
1111,"HDB","HDFC Bank Ltd ADR","Financial","Banks - Regional","India",128398.39,14.98,25.02,-2.53%,6231539
1112,"HDV","iShares Core High Dividend ETF","Financial","Exchange Traded Fund","USA",,,26.83,-0.30%,2127664
1113,"HE","Hawaiian Electric Industries Inc","Utilities","Utilities - Regulated Electric","USA",2559.96,20.22,14.83,-3.83%,3276209
1114,"HELP","Helus Pharma Inc","Healthcare","Biotechnology","Canada",265.71,,5.31,-0.56%,619729
1115,"HESM","Hess Midstream LP","Energy","Oil & Gas Midstream","USA",7887.23,13.21,38.17,-1.14%,2342460
1116,"HGER","Harbor Commodity All-Weather Strategy ETF","Financial","Exchange Traded Fund","USA",,,32.50,0.40%,471863
1117,"HIG","Hartford Insurance Group Inc","Financial","Insurance - Diversified","USA",36190.75,9.27,132.02,-0.49%,1086728
1118,"HIMS","Hims & Hers Health Inc","Healthcare","Drug Manufacturers - Specialty & Generic","USA",6443.83,54.15,28.27,10.21%,25969595
1119,"HIMX","Himax Technologies ADR","Technology","Semiconductors","Taiwan",3033.20,70.37,17.79,10.98%,13406695
1120,"HIMZ","Defiance Daily Target 2X Long HIMS ETF","Financial","Exchange Traded Fund","USA",,,38.13,20.25%,1273008
1121,"HIVE","HIVE Digital Technologies Ltd","Financial","Capital Markets","USA",716.25,,2.82,-1.74%,11636979
1122,"HIW","Highwoods Properties Inc","Real Estate","REIT - Office","USA",2803.13,30.69,25.42,-0.59%,1547797
1123,"HL","Hecla Mining Co","Basic Materials","Other Precious Metals & Mining","USA",12481.96,26.75,18.61,2.99%,12249748
1124,"HLF","Herbalife Ltd","Consumer Defensive","Packaged Foods","USA",1483.51,6.28,14.31,-1.24%,2345113
1125,"HLIT","Harmonic Inc","Technology","Communication Equipment","USA",1412.20,,12.81,4.32%,2390291
1126,"HLMN","Hillman Solutions Corp","Industrials","Tools & Accessories","USA",1542.21,43.64,7.86,-0.25%,1032818
1127,"HLN","Haleon plc ADR","Healthcare","Drug Manufacturers - Specialty & Generic","United Kingdom",40441.11,18.70,9.11,-2.04%,20071940
1128,"HLT","Hilton Worldwide Holdings Inc","Consumer Cyclical","Lodging","USA",72114.45,48.42,316.78,-1.10%,1450110
1129,"HLX","Helix Energy Solutions Group Inc","Energy","Oil & Gas Equipment & Services","USA",1422.88,99.59,9.66,-1.73%,1453011
1130,"HMC","Honda Motor ADR","Consumer Cyclical","Auto Manufacturers","Japan",31802.22,9.89,24.51,1.87%,1415123
1131,"HMY","Harmony Gold Mining Co Ltd ADR","Basic Materials","Gold","South Africa",11115.90,12.28,17.79,1.14%,4385642
1132,"HNGE","Hinge Health Inc","Healthcare","Health Information Services","USA",4346.58,,56.02,1.85%,1863208
1133,"HNST","Honest Company Inc","Consumer Defensive","Household & Personal Products","USA",400.69,,3.64,-2.41%,2601746
1134,"HODL","VanEck Bitcoin ETF","Financial","Exchange Traded Fund","USA",,,22.68,0.04%,577693
1135,"HOG","Harley-Davidson Inc","Consumer Cyclical","Recreational Vehicles","USA",2675.92,14.43,25.42,7.53%,3471838
1136,"HOMB","Home Bancshares Inc","Financial","Banks - Regional","USA",5389.82,11.04,26.76,-0.30%,1261143
1137,"HON","Honeywell International Inc","Industrials","Conglomerates","USA",135044.15,30.21,213.12,-1.37%,3731707
1138,"HOOD","Robinhood Markets Inc","Financial","Capital Markets","USA",69427.55,37.25,77.03,0.98%,18141883
1139,"HOTH","Hoth Therapeutics Inc","Healthcare","Biotechnology","USA",12.82,,0.67,-3.44%,250425
1140,"HP","Helmerich & Payne Inc","Energy","Oil & Gas Drilling","USA",3775.39,,37.78,2.38%,1315603
1141,"HPE","Hewlett Packard Enterprise Co","Technology","Communication Equipment","USA",41596.88,,31.35,5.56%,17520994
1142,"HPK","HighPeak Energy Inc","Energy","Oil & Gas E&P","USA",735.40,,5.82,4.11%,879959
1143,"HPP","Hudson Pacific Properties Inc","Real Estate","REIT - Office","USA",601.68,,10.95,-6.97%,1422210
1144,"HPQ","HP Inc","Technology","Computer Hardware","USA",20742.00,8.57,22.68,8.05%,21551001
1145,"HR","Healthcare Realty Trust Inc","Real Estate","REIT - Healthcare Facilities","USA",6982.41,,20.15,0.80%,4730673
1146,"HRB","H&R Block Inc","Consumer Cyclical","Personal Services","USA",4685.06,6.57,36.96,1.85%,4136304
1147,"HRL","Hormel Foods Corp","Consumer Defensive","Packaged Foods","USA",11247.81,23.00,20.44,-1.49%,4072610
1148,"HRTX","Heron Therapeutics Inc","Healthcare","Biotechnology","USA",228.25,,1.21,-2.42%,1794647
1149,"HRZN","Horizon Technology Finance Corp","Financial","Asset Management","USA",309.91,11.42,4.54,0.67%,761475
1150,"HSAI","Hesai Group ADR","Consumer Cyclical","Auto Parts","China",2811.02,52.38,21.60,-1.19%,1299082
1151,"HSBC","HSBC Holdings plc ADR","Financial","Banks - Diversified","United Kingdom",309854.69,14.90,90.16,1.34%,1771856
1152,"HSIC","Henry Schein Inc","Healthcare","Medical Distribution","USA",8067.58,21.39,70.82,0.45%,1436815
1153,"HST","Host Hotels & Resorts Inc","Real Estate","REIT - Hotel & Motel","USA",15306.91,15.21,22.27,2.77%,6436092
1154,"HSY","Hershey Company","Consumer Defensive","Confectioners","USA",37716.75,34.59,185.94,-0.60%,1587775
1155,"HTFL","Heartflow Inc","Healthcare","Health Information Services","USA",2530.71,,29.51,-1.57%,541820
1156,"HTGC","Hercules Capital Inc","Financial","Asset Management","USA",3021.97,9.10,16.15,-1.52%,1633643
1157,"HTHT","H World Group Limited ADR","Consumer Cyclical","Lodging","China",14460.62,21.27,47.08,-1.51%,1890920
1158,"HTZ","Hertz Global Holdings Inc","Industrials","Rental & Leasing Services","USA",1889.78,,6.05,-1.94%,6854776
1159,"HUBC","Hub Cyber Security Ltd","Technology","Software - Infrastructure","Israel",0.32,,0.25,-4.74%,4477166
1160,"HUBS","HubSpot Inc","Technology","Software - Application","USA",10107.31,103.48,197.34,-19.03%,6514893
1161,"HUM","Humana Inc","Healthcare","Healthcare Plans","USA",33012.11,29.43,274.96,11.27%,3151854
1162,"HUMA","Humacyte Inc","Healthcare","Biotechnology","USA",235.34,,1.06,-1.85%,5588500
1163,"HUN","Huntsman Corp","Basic Materials","Chemicals","USA",2623.22,,14.96,1.49%,3806230
1164,"HURA","TuHURA Biosciences Inc","Healthcare","Biotechnology","USA",151.56,,2.38,-0.83%,490494
1165,"HUT","Hut 8 Corp","Financial","Capital Markets","USA",10918.23,,98.46,-2.69%,5297415
1166,"HUYA","HUYA Inc ADR","Communication Services","Entertainment","China",226.76,,3.10,-3.13%,828741
1167,"HWM","Howmet Aerospace Inc","Industrials","Aerospace & Defense","USA",108253.08,62.77,270.56,-0.73%,3186758
1168,"HXHX","Haoxin Holdings Ltd","Industrials","Integrated Freight & Logistics","China",6.33,11.44,0.46,-4.56%,59699
1169,"HXL","Hexcel Corp","Industrials","Aerospace & Defense","USA",7189.72,63.25,95.32,-0.47%,904676
1170,"HYG","iShares iBoxx USD High Yield Corporate Bond ETF","Financial","Exchange Traded Fund","USA",,,80.14,0.35%,29715369
1171,"HYLB","Xtrackers USD High Yield Corporate Bond ETF","Financial","Exchange Traded Fund","USA",,,36.59,0.33%,557609
1172,"HYMB","State Street SPDR Nuveen ICE High Yield Municipal Bond ETF","Financial","Exchange Traded Fund","USA",,,25.14,0.12%,434132
1173,"HYMC","Hycroft Mining Holding Corp","Basic Materials","Gold","USA",3511.90,,38.44,-1.13%,1604407
1174,"IAC","IAC Inc","Communication Services","Internet Content & Information","USA",3277.19,32.55,44.06,2.18%,1628892
1175,"IACQU","Irenic Acquisition Corp","Financial","Shell Companies","USA",226.85,,10.02,0.00%,465812
1176,"IAG","Iamgold Corp","Basic Materials","Gold","Canada",11010.56,10.91,18.70,1.96%,4852951
1177,"IAGG","iShares International Aggregate Bond Fund","Financial","Exchange Traded Fund","USA",,,50.16,0.24%,1003442
1178,"IAU","iShares Gold Trust","Financial","Exchange Traded Fund","USA",,,88.87,0.46%,2861461
1179,"IAUM","iShares Gold Trust Micro","Financial","Exchange Traded Fund","USA",,,47.07,0.45%,1386596
1180,"IAUX","i-80 Gold Corp","Basic Materials","Gold","USA",1327.36,,1.58,6.04%,8452335
1181,"IBB","iShares Biotechnology ETF","Financial","Exchange Traded Fund","USA",,,169.94,-0.09%,2267750
1182,"IBIO","iBio Inc","Healthcare","Biotechnology","USA",61.81,,1.71,4.27%,1835398
1183,"IBIT","iShares Bitcoin Trust ETF","Financial","Exchange Traded Fund","USA",,,45.45,0.11%,24590810
1184,"IBKR","Interactive Brokers Group Inc","Financial","Capital Markets","USA",37618.97,36.29,84.42,0.85%,3595264
1185,"IBM","International Business Machines Corp","Technology","Information Technology Services","USA",215948.03,20.32,229.76,-0.67%,5332807
1186,"IBN","ICICI Bank Ltd ADR","Financial","Banks - Regional","India",94923.74,15.65,26.49,-0.93%,4930539
1187,"IBO","Impact BioMedical Inc","Healthcare","Biotechnology","USA",65.81,,0.63,0.30%,48216
1188,"IBRX","ImmunityBio Inc","Healthcare","Biotechnology","USA",8912.98,,8.51,9.66%,16203766
1189,"ICE","Intercontinental Exchange Inc","Financial","Financial Data & Stock Exchanges","USA",88118.16,22.69,155.82,-0.19%,2953022
1190,"ICL","ICL Group Ltd","Basic Materials","Agricultural Inputs","Israel",8221.59,36.40,6.37,6.17%,3157376
1191,"ICLN","iShares Global Clean Energy ETF","Financial","Exchange Traded Fund","USA",,,21.16,2.17%,5085303
1192,"ICLR","Icon Plc","Healthcare","Diagnostics & Research","Ireland",9506.05,16.83,124.49,-0.41%,681154
1193,"ICSH","iShares Ultra Short Duration Bond Active ETF","Financial","Exchange Traded Fund","USA",,,50.53,0.06%,988666
1194,"IDEF","iShares Defense Industrials Active ETF","Financial","Exchange Traded Fund","USA",,,33.24,0.82%,404148
1195,"IDEV","iShares Core MSCI International Developed Markets ETF","Financial","Exchange Traded Fund","USA",,,89.70,0.96%,1249785
1196,"IDV","iShares International Select Dividend ETF","Financial","Exchange Traded Fund","USA",,,44.57,1.25%,629899
1197,"IDYA","Ideaya Biosciences Inc","Healthcare","Biotechnology","USA",2488.22,,28.32,0.28%,545766
1198,"IE","Ivanhoe Electric Inc","Basic Materials","Copper","USA",2200.25,,13.90,1.31%,3053888
1199,"IEF","iShares 7-10 Year Treasury Bond ETF","Financial","Exchange Traded Fund","USA",,,94.96,0.26%,3215112
1200,"IEFA","iShares Core MSCI EAFE ETF","Financial","Exchange Traded Fund","USA",,,97.30,1.06%,9317524
1201,"IEI","iShares 3-7 Year Treasury Bond ETF","Financial","Exchange Traded Fund","USA",,,118.05,0.15%,703884
1202,"IEMG","iShares Core MSCI Emerging Markets ETF","Financial","Exchange Traded Fund","USA",,,83.01,1.89%,10649926
1203,"IEUR","iShares Core MSCI Europe ETF","Financial","Exchange Traded Fund","USA",,,75.17,0.97%,426076
1204,"IFF","International Flavors & Fragrances Inc","Basic Materials","Specialty Chemicals","USA",20692.35,24.83,81.05,3.57%,2276193
1205,"IFRX","InflaRx NV","Healthcare","Biotechnology","Germany",186.52,,2.58,-2.64%,7488472
1206,"IGC","IGC Pharma Inc","Healthcare","Biotechnology","USA",30.73,,0.31,-2.54%,447646
1207,"IGIB","iShares Trust iShares 5-10 Year Investment Grade Corporate Bond ETF","Financial","Exchange Traded Fund","USA",,,53.31,0.32%,1760866
1208,"IGLB","iShares 10 Year Investment Grade Corporate Bond ETF","Financial","Exchange Traded Fund","USA",,,49.94,0.58%,580151
1209,"IGSB","iShares Trust iShares 1-5 Year Investment Grade Corporate Bond ETF","Financial","Exchange Traded Fund","USA",,,52.49,0.13%,3078370
1210,"IGV","iShares Expanded Tech-Software Sector ETF","Financial","Exchange Traded Fund","USA",,,91.15,0.33%,17106591
1211,"IHI","iShares U.S. Medical Devices ETF","Financial","Exchange Traded Fund","USA",,,49.01,-1.98%,1968452
1212,"IHRT","iHeartMedia Inc","Communication Services","Broadcasting","USA",770.21,,5.68,0.18%,1055896
1213,"IHS","IHS Holding Ltd","Real Estate","Real Estate Services","United Kingdom",2764.69,19.23,8.24,0.12%,395596
1214,"IJH","iShares Core S&P Mid-Cap ETF","Financial","Exchange Traded Fund","USA",,,73.99,0.45%,7454559
1215,"IJR","iShares Core S&P Small-Cap ETF","Financial","Exchange Traded Fund","USA",,,138.35,0.52%,2349974
1216,"IKT","Inhibikase Therapeutics Inc","Healthcare","Biotechnology","USA",271.99,,2.06,3.52%,955805
1217,"ILF","iShares Latin America 40 ETF","Financial","Exchange Traded Fund","USA",,,36.43,0.80%,1922877
1218,"ILMN","Illumina Inc","Healthcare","Diagnostics & Research","USA",21466.45,25.75,141.88,2.29%,1499702
1219,"IMAX","Imax Corp","Communication Services","Entertainment","Canada",1936.39,53.32,35.30,-0.95%,1270347
1220,"IMMP","Immutep Limited ADR","Healthcare","Biotechnology","Australia",65.73,,0.45,3.15%,479448
1221,"IMNM","Immunome Inc","Healthcare","Biotechnology","USA",2538.71,,22.44,1.13%,625742
1222,"IMSR","Terrestrial Energy Inc","Utilities","Utilities - Regulated Electric","USA",781.80,,7.38,-0.14%,2597845
1223,"IMVT","Immunovant Inc","Healthcare","Biotechnology","USA",5890.22,,28.94,6.32%,2400351
1224,"INCY","Incyte Corp","Healthcare","Biotechnology","USA",19690.53,13.94,98.56,0.81%,877843
1225,"INDA","iShares MSCI India ETF","Financial","Exchange Traded Fund","USA",,,49.84,0.04%,4003175
1226,"INDI","Indie Semiconductor Inc","Technology","Semiconductors","USA",976.97,,4.30,-4.23%,5828879
1227,"INDO","Indonesia Energy Corp Ltd","Energy","Oil & Gas E&P","Indonesia",47.55,,3.09,-1.59%,482946
1228,"INDV","Indivior Pharmaceuticals Inc","Healthcare","Drug Manufacturers - Specialty & Generic","USA",4815.92,20.01,39.50,-0.25%,2480135
1229,"INFQ","Infleqtion Inc","Technology","Software - Infrastructure","USA",2623.64,,12.12,0.08%,5864413
1230,"INFY","Infosys Ltd ADR","Technology","Information Technology Services","India",52033.60,15.87,12.83,2.07%,12857080
1231,"ING","ING Groep NV ADR","Financial","Banks - Diversified","Netherlands",86644.70,11.91,30.12,1.14%,1823589
1232,"INGM","Ingram Micro Holding Corp","Technology","Information Technology Services","USA",6300.79,17.89,27.20,1.23%,1731664
1233,"INHD","Inno Holdings Inc","Basic Materials","Steel","Hong Kong",4.13,,1.64,-2.38%,419199
1234,"INN","Summit Hotel Properties Inc","Real Estate","REIT - Hotel & Motel","USA",670.60,,5.53,2.41%,475156
1235,"INO","Inovio Pharmaceuticals Inc","Healthcare","Biotechnology","USA",119.63,,1.46,6.57%,21007953
1236,"INOD","Innodata Inc","Technology","Information Technology Services","USA",2772.11,76.55,84.89,86.00%,19182368
1237,"INSM","Insmed Inc","Healthcare","Biotechnology","USA",21967.86,,101.35,-3.48%,8588262
1238,"INSP","Inspire Medical Systems Inc","Healthcare","Medical Devices","USA",1275.27,9.90,44.26,-2.87%,971836
1239,"INTA","Intapp Inc","Technology","Software - Application","USA",1914.21,,24.84,3.59%,943826
1240,"INTC","Intel Corp","Technology","Semiconductors","USA",627847.91,,124.92,13.96%,227681300
1241,"INTR","Inter & Co Inc","Financial","Banks - Regional","Brazil",2851.23,10.94,6.48,-3.28%,8003993
1242,"INTU","Intuit Inc","Technology","Software - Application","USA",109599.52,25.71,396.31,-2.57%,2348472
1243,"INV","Innventure Inc","Financial","Asset Management","USA",560.49,,7.00,12.72%,3802278
1244,"INVH","Invitation Homes Inc","Real Estate","REIT - Residential","USA",17066.82,50.55,28.73,-0.83%,5388506
1245,"INVZ","Innoviz Technologies Ltd","Consumer Cyclical","Auto Parts","Israel",156.92,,0.73,5.54%,1443970
1246,"IONQ","IonQ Inc","Technology","Computer Hardware","USA",18379.81,,49.24,3.27%,25990871
1247,"IONS","Ionis Pharmaceuticals Inc","Healthcare","Biotechnology","USA",12512.03,,75.71,-0.41%,1656234
1248,"IONX","Defiance Daily Target 2X Long IONQ ETF","Financial","Exchange Traded Fund","USA",,,52.64,6.30%,2367899
1249,"IONZ","Defiance Daily Target 2x Short IONQ ETF","Financial","Exchange Traded Fund","USA",,,5.08,-6.96%,7488553
1250,"IOT","Samsara Inc","Technology","Software - Infrastructure","USA",17270.50,,29.74,-1.23%,4049031
1251,"IOVA","Iovance Biotherapeutics Inc","Healthcare","Biotechnology","USA",1616.34,,3.62,1.97%,20688669
1252,"IP","International Paper Co","Consumer Cyclical","Packaging & Containers","USA",17489.95,,33.03,-0.15%,4919566
1253,"IPSC","Century Therapeutics Inc","Healthcare","Biotechnology","USA",412.33,,2.29,-0.87%,472790
1254,"IPW","iPower Inc","Consumer Cyclical","Internet Retail","USA",1.08,,0.81,0.56%,390704
1255,"IQ","iQIYI Inc ADR","Communication Services","Entertainment","China",636.56,,1.20,-0.83%,4338777
1256,"IQLT","iShares MSCI Intl Quality Factor ETF","Financial","Exchange Traded Fund","USA",,,49.53,1.12%,2573304
1257,"IQMM","ProShares GENIUS Money Market ETF","Financial","Exchange Traded Fund","USA",,,100.12,0.02%,4051449
1258,"IQV","IQVIA Holdings Inc","Healthcare","Diagnostics & Research","USA",29826.70,22.15,178.71,0.04%,1083097
1259,"IR","Ingersoll Rand Inc","Industrials","Specialty Industrial Machinery","USA",29643.77,51.05,75.75,-2.26%,2808210
1260,"IRDM","Iridium Communications Inc","Communication Services","Telecom Services","USA",4383.47,41.82,41.46,3.16%,2573915
1261,"IRE","Defiance Daily Target 2X Long IREN ETF","Financial","Exchange Traded Fund","USA",,,36.94,15.37%,13196173
1262,"IREN","IREN Ltd","Financial","Capital Markets","Australia",20303.66,210.74,61.20,7.65%,110542100
1263,"IREZ","Tradr 2X Short IREN Daily ETF","Financial","Exchange Traded Fund","USA",,,6.91,-16.04%,33305747
1264,"IRM","Iron Mountain Inc","Real Estate","REIT - Specialty","USA",38333.08,141.47,128.84,1.60%,1141906
1265,"IRT","Independence Realty Trust Inc","Real Estate","REIT - Residential","USA",3970.41,80.94,16.43,0.37%,1384424
1266,"IRWD","Ironwood Pharmaceuticals Inc","Healthcare","Drug Manufacturers - Specialty & Generic","USA",694.67,7.07,4.22,1.20%,2552752
1267,"ISRG","Intuitive Surgical Inc","Healthcare","Medical Instruments & Supplies","USA",159394.53,54.59,450.06,-0.76%,2402326
1268,"IT","Gartner Inc","Technology","Information Technology Services","USA",10621.92,15.68,158.65,0.55%,1204616
1269,"ITA","iShares U.S. Aerospace & Defense ETF","Financial","Exchange Traded Fund","USA",,,223.49,0.44%,709714
1270,"ITB","iShares U.S. Home Construction ETF","Financial","Exchange Traded Fund","USA",,,93.00,0.08%,2231429
1271,"ITOC","iTonic Holdings Ltd","Healthcare","Medical Devices","China",5.39,,0.32,-7.06%,239285
1272,"ITOT","iShares Core S&P Total U.S. Stock Market ETF","Financial","Exchange Traded Fund","USA",,,161.18,0.74%,1271448
1273,"ITP","IT Tech Packaging Inc","Basic Materials","Paper & Paper Products","China",3.24,,0.19,2.47%,342684
1274,"ITRG","Integra Resources Corp","Basic Materials","Other Precious Metals & Mining","Canada",584.24,,2.89,2.12%,1436131
1275,"ITRI","Itron Inc","Technology","Scientific & Technical Instruments","USA",3630.06,13.08,81.87,0.90%,654806
1276,"ITUB","Itau Unibanco Holding SA ADR","Financial","Banks - Regional","Brazil",45228.30,11.47,8.37,2.32%,36416127
1277,"ITW","Illinois Tool Works Inc","Industrials","Specialty Industrial Machinery","USA",73294.45,23.65,254.76,-0.30%,884639
1278,"IUSB","iShares Core Universal USD Bond ETF","Financial","Exchange Traded Fund","USA",,,46.22,0.22%,2570689
1279,"IUSV","iShares Core S&P U.S.Value ETF","Financial","Exchange Traded Fund","USA",,,108.65,0.35%,537778
1280,"IVDA","Iveda Solutions Inc","Industrials","Security & Protection Services","USA",3.63,,0.33,-6.56%,437981
1281,"IVE","iShares S&P 500 Value ETF","Financial","Exchange Traded Fund","USA",,,224.26,0.30%,439852
1282,"IVLU","iShares MSCI Intl Value Factor ETF","Financial","Exchange Traded Fund","USA",,,42.21,1.05%,4476279
1283,"IVR","Invesco Mortgage Capital Inc","Real Estate","REIT - Mortgage","USA",763.94,10.88,8.23,2.49%,2103322
1284,"IVV","iShares Core S&P 500 ETF","Financial","Exchange Traded Fund","USA",,,740.97,0.82%,3490160
1285,"IVVD","Invivyd Inc","Healthcare","Biotechnology","USA",424.21,,1.50,4.90%,1467748
1286,"IVW","iShares S&P 500 Growth ETF","Financial","Exchange Traded Fund","USA",,,135.78,1.26%,1925606
1287,"IVZ","Invesco Ltd","Financial","Asset Management","USA",12230.55,,27.59,2.83%,4884253
1288,"IWB","iShares Russell 1000 ETF","Financial","Exchange Traded Fund","USA",,,402.33,0.73%,552010
1289,"IWD","iShares Russell 1000 Value ETF","Financial","Exchange Traded Fund","USA",,,233.90,0.81%,1868507
1290,"IWF","iShares Russell 1000 Growth ETF","Financial","Exchange Traded Fund","USA",,,123.54,0.65%,6329492
1291,"IWM","iShares Russell 2000 Index Fund","Financial","Exchange Traded Fund","USA",,,284.17,0.68%,22474346
1292,"IWR","iShares Russell Mid-Cap ETF","Financial","Exchange Traded Fund","USA",,,105.20,0.28%,1307576
1293,"IXC","iShares Global Energy ETF","Financial","Exchange Traded Fund","USA",,,53.06,-0.56%,3508987
1294,"IXUS","iShares Core MSCI Total International Stock ETF","Financial","Exchange Traded Fund","USA",,,96.02,1.32%,2167392
1295,"IYE","iShares U.S. Energy ETF","Financial","Exchange Traded Fund","USA",,,59.09,-0.52%,1104813
1296,"IYR","iShares U.S. Real Estate ETF","Financial","Exchange Traded Fund","USA",,,102.77,0.20%,4273402
1297,"IYW","iShares U.S. Technology ETF","Financial","Exchange Traded Fund","USA",,,238.64,2.75%,2174113
1298,"IYZ","iShares U.S. Telecommunications ETF","Financial","Exchange Traded Fund","USA",,,41.44,0.68%,907172
1299,"IZM","Iczoom Group Inc","Technology","Electronics & Computer Distribution","China",4.54,3.55,0.38,-1.36%,62759
1300,"J","Jacobs Solutions Inc","Industrials","Engineering & Construction","USA",13984.32,36.49,118.43,-3.53%,1512633
1301,"JAAA","Janus Henderson AAA CLO ETF","Financial","Exchange Traded Fund","USA",,,50.60,0.06%,7042580
1302,"JAN","Janus Living Inc","Healthcare","Biotechnology","USA",5227.18,,27.92,1.82%,1421645
1303,"JANX","Janux Therapeutics Inc","Healthcare","Biotechnology","USA",864.45,,14.18,-2.51%,865870
1304,"JBI","Janus International Group Inc","Industrials","Building Products & Equipment","USA",710.60,13.54,5.21,-0.38%,1005587
1305,"JBL","Jabil Inc","Technology","Electronic Components","USA",37469.26,47.60,355.15,1.59%,1301225
1306,"JBLU","Jetblue Airways Corp","Industrials","Airlines","USA",1901.02,,5.11,-0.39%,20516808
1307,"JBS","JBS NV","Consumer Defensive","Packaged Foods","Netherlands",17213.70,9.38,16.11,-1.29%,4844424
1308,"JCI","Johnson Controls International plc","Industrials","Building Products & Equipment","Ireland",85123.33,24.95,139.52,0.19%,2582457
1309,"JCPB","JPMorgan Core Plus Bond ETF","Financial","Exchange Traded Fund","USA",,,46.99,0.21%,1846346
1310,"JD","JD.com Inc ADR","Consumer Cyclical","Internet Retail","China",36552.81,16.87,30.13,-0.26%,8018498
1311,"JDST","Direxion Daily Junior Gold Miners Index Bear 2X ETF","Financial","Exchange Traded Fund","USA",,,29.44,-5.46%,996803
1312,"JEF","Jefferies Financial Group Inc","Financial","Capital Markets","USA",10830.82,17.93,52.98,2.95%,2014529
1313,"JELD","JELD-WEN Holding Inc","Industrials","Building Products & Equipment","USA",146.46,,1.70,0.59%,1526006
1314,"JEPI","JPMorgan Equity Premium Income ETF","Financial","Exchange Traded Fund","USA",,,55.96,-0.57%,7172411
1315,"JEPQ","JPMorgan Nasdaq Equity Premium Income ETF","Financial","Exchange Traded Fund","USA",,,59.61,0.39%,8261455
1316,"JETS","ESS U.S.Global Jets ETF","Financial","Exchange Traded Fund","USA",,,27.48,-0.40%,3555702
1317,"JHCR","John Hancock Core Bond ETF","Financial","Exchange Traded Fund","USA",,,25.37,0.32%,986
1318,"JHG","Janus Henderson Group plc","Financial","Asset Management","United Kingdom",7964.17,10.18,51.69,0.02%,769162
1319,"JHX","James Hardie Industries plc","Basic Materials","Building Materials","Ireland",12236.37,78.75,20.98,2.49%,3572548
1320,"JKHY","Jack Henry & Associates Inc","Technology","Information Technology Services","USA",10362.05,20.39,145.84,-0.13%,1171581
1321,"JMIA","Jumia Technologies Ag ADR","Consumer Cyclical","Internet Retail","Germany",962.31,,7.77,-10.79%,4664750
1322,"JNJ","Johnson & Johnson","Healthcare","Drug Manufacturers - General","USA",532765.29,25.59,221.32,-0.53%,5550566
1323,"JNK","State Street SPDR Bloomberg High Yield Bond ETF","Financial","Exchange Traded Fund","USA",,,96.52,0.33%,6326194
1324,"JOB","GEE Group Inc","Industrials","Staffing & Employment Services","USA",28.40,,0.26,-0.58%,235619
1325,"JOBY","Joby Aviation Inc","Industrials","Airports & Air Services","USA",10692.20,,10.87,8.59%,35325564
1326,"JPC","Nuveen Preferred & Income Opportunities Fund","Financial","Closed-End Fund - Debt","USA",2978.00,8.92,8.03,0.37%,563802
1327,"JPIE","JPMorgan Income ETF","Financial","Exchange Traded Fund","USA",,,46.07,0.09%,966425
1328,"JPM","JPMorgan Chase & Co","Financial","Banks - Diversified","USA",809480.43,14.47,302.10,-1.36%,9464286
1329,"JPST","JPMorgan Ultra-Short Income ETF","Financial","Exchange Traded Fund","USA",,,50.50,0.02%,5021331
1330,"JQUA","JPMorgan U.S. Quality Factor ETF","Financial","Exchange Traded Fund","USA",,,68.20,1.11%,442298
1331,"JZXN","Jiuzi Holdings Inc","Consumer Cyclical","Auto & Truck Dealerships","China",1.26,,0.90,0.33%,82588
1332,"KALA","Kala Bio Inc","Healthcare","Biotechnology","USA",73.71,,0.08,-4.57%,7526253
1333,"KALV","KalVista Pharmaceuticals Inc","Healthcare","Biotechnology","USA",1370.59,,26.73,0.04%,2345168
1334,"KBE","State Street SPDR S&P Bank ETF","Financial","Exchange Traded Fund","USA",,,64.05,-0.09%,3587290
1335,"KBH","KB Home","Consumer Cyclical","Residential Construction","USA",3102.34,9.54,49.52,0.69%,718575
1336,"KBR","KBR Inc","Industrials","Engineering & Construction","USA",4125.75,9.87,32.54,-1.99%,2548383
1337,"KBWB","Invesco KBW Bank ETF","Financial","Exchange Traded Fund","USA",,,85.24,-0.72%,941379
1338,"KC","Kingsoft Cloud Holdings Ltd ADR","Technology","Software - Application","China",4742.72,,15.88,-0.81%,1146525
1339,"KD","Kyndryl Holdings Inc","Technology","Information Technology Services","USA",2763.98,14.56,12.26,-3.01%,5301767
1340,"KDP","Keurig Dr Pepper Inc","Consumer Defensive","Beverages - Non-Alcoholic","USA",39224.93,21.45,28.83,1.09%,9205772
1341,"KEEL","Keel Infrastructure Corp","Technology","Information Technology Services","USA",2245.53,,3.97,-1.00%,31757335
1342,"KEY","Keycorp","Financial","Banks - Regional","USA",23419.28,13.23,21.60,-0.41%,8600878
1343,"KEYS","Keysight Technologies Inc","Technology","Scientific & Technical Instruments","USA",61792.35,65.06,360.30,1.48%,1113014
1344,"KGC","Kinross Gold Corp","Basic Materials","Gold","Canada",37735.75,13.35,31.51,3.58%,5563498
1345,"KGS","Kodiak Gas Services Inc","Energy","Oil & Gas Equipment & Services","USA",6149.80,79.86,69.65,-0.88%,1819667
1346,"KHC","Kraft Heinz Co","Consumer Defensive","Packaged Foods","USA",28411.23,,23.96,1.35%,13357375
1347,"KIDZ","Classover Holdings Inc","Consumer Defensive","Education & Training Services","USA",4.45,,0.66,-1.75%,199211
1348,"KIE","State Street SPDR S&P Insurance ETF","Financial","Exchange Traded Fund","USA",,,56.37,-0.18%,1422843
1349,"KIM","Kimco Realty Corp","Real Estate","REIT - Retail","USA",15834.67,27.10,23.48,-0.21%,4456469
1350,"KKR","KKR & Co Inc","Financial","Asset Management","USA",91401.80,34.94,102.52,2.17%,5948750
1351,"KLAR","Klarna Group plc","Technology","Software - Infrastructure","United Kingdom",5473.89,,14.50,-1.49%,4471343
1352,"KLC","KinderCare Learning Companies Inc","Consumer Defensive","Education & Training Services","USA",464.24,,3.92,0.00%,862126
1353,"KLMN","Invesco MSCI North America Climate ETF","Financial","Exchange Traded Fund","USA",,,30.22,0.69%,53
1354,"KLRA","Kailera Therapeutics Inc","Healthcare","Biotechnology","USA",2781.22,,21.47,-4.45%,446207
1355,"KMB","Kimberly-Clark Corp","Consumer Defensive","Household & Personal Products","USA",32633.05,15.46,98.31,-1.26%,3181539
1356,"KMI","Kinder Morgan Inc","Energy","Oil & Gas Midstream","USA",69881.77,21.19,31.41,-0.35%,8886434
1357,"KMT","Kennametal Inc","Industrials","Tools & Accessories","USA",2751.18,20.37,36.10,-13.45%,3190324
1358,"KMX","Carmax Inc","Consumer Cyclical","Auto & Truck Dealerships","USA",5721.05,25.34,40.34,1.08%,2315140
1359,"KNRX","Knorex Ltd","Technology","Software - Application","USA",,,1.00,0.57%,90525
1360,"KNTK","Kinetik Holdings Inc","Energy","Oil & Gas Midstream","USA",7720.60,19.44,47.54,-1.98%,1301058
1361,"KNX","Knight-Swift Transportation Holdings Inc","Industrials","Trucking","USA",10407.74,306.46,64.05,0.96%,2020120
1362,"KO","Coca-Cola Co","Consumer Defensive","Beverages - Non-Alcoholic","USA",337400.66,24.69,78.42,-0.01%,12447206
1363,"KOD","Kodiak Sciences Inc","Healthcare","Biotechnology","USA",2566.34,,41.01,-6.11%,721446
1364,"KODK","Eastman Kodak Co","Industrials","Specialty Business Services","USA",1113.62,,11.41,-19.36%,2955094
1365,"KOLD","ProShares UltraShort Bloomberg Natural Gas -2x Shares","Financial","Exchange Traded Fund","USA",,,26.75,2.26%,2127850
1366,"KOPN","Kopin Corp","Technology","Electronic Components","USA",992.00,383.69,5.41,12.24%,15306966
1367,"KORU","Direxion Daily MSCI South Korea Bull 3X ETF","Financial","Exchange Traded Fund","USA",,,942.18,22.61%,519213
1368,"KOS","Kosmos Energy Ltd","Energy","Oil & Gas E&P","USA",1631.27,,2.75,-4.84%,8092688
1369,"KR","Kroger Co","Consumer Defensive","Grocery Stores","USA",40209.46,42.45,65.64,-1.16%,3374683
1370,"KRC","Kilroy Realty Corp","Real Estate","REIT - Office","USA",4097.69,19.11,34.90,0.95%,1296680
1371,"KRE","State Street SPDR S&P Regional Banking ETF","Financial","Exchange Traded Fund","USA",,,69.85,-0.14%,10184410
1372,"KREF","KKR Real Estate Finance Trust Inc","Real Estate","REIT - Mortgage","USA",427.64,,6.61,0.46%,762785
1373,"KRG","Kite Realty Group Trust","Real Estate","REIT - Retail","USA",5407.66,33.13,26.63,-0.34%,1606021
1374,"KRMN","Karman Holdings Inc","Industrials","Aerospace & Defense","USA",8062.90,463.72,60.84,0.65%,1751069
1375,"KSS","Kohl's Corp","Consumer Cyclical","Department Stores","USA",1627.67,6.18,14.50,1.05%,3830224
1376,"KT","KT Corp ADR","Communication Services","Telecom Services","South Korea",10212.78,8.45,21.18,1.05%,622006
1377,"KTOS","Kratos Defense & Security Solutions Inc","Industrials","Aerospace & Defense","USA",10855.53,342.34,57.89,1.56%,4323645
1378,"KULR","KULR Technology Group Inc","Technology","Electronic Components","USA",133.63,,2.89,5.86%,1197875
1379,"KURA","Kura Oncology Inc","Healthcare","Biotechnology","USA",836.14,,9.42,1.07%,889209
1380,"KVUE","Kenvue Inc","Consumer Defensive","Household & Personal Products","USA",33772.95,20.86,17.59,-0.73%,20212187
1381,"KVYO","Klaviyo Inc","Technology","Software - Application","USA",4553.17,,15.21,-3.55%,13887061
1382,"KW","Kennedy-Wilson Holdings Inc","Real Estate","Real Estate Services","USA",1535.12,99.82,11.02,0.18%,461452
1383,"KWEB","KraneShares CSI China Internet ETF","Financial","Exchange Traded Fund","USA",,,29.55,0.10%,33954952
1384,"LAB","Standard BioTools Inc","Healthcare","Medical Devices","USA",398.18,,1.02,2.00%,1135677
1385,"LABD","Direxion Daily S&P Biotech Bear 3X ETF","Financial","Exchange Traded Fund","USA",,,13.54,-2.17%,4497384
1386,"LABT","Lakewood-Amedex Biotherapeutics Inc","Healthcare","Biotechnology","USA",43.46,,3.10,-6.06%,152214
1387,"LAC","Lithium Americas Corp (NewCo)","Basic Materials","Other Industrial Metals & Mining","Canada",1750.82,,5.57,-1.59%,11117828
1388,"LAES","SEALSQ Corp","Technology","Semiconductors","Switzerland",672.40,,2.92,-4.26%,11124029
1389,"LAR","Lithium Argentina AG","Basic Materials","Other Industrial Metals & Mining","Switzerland",1913.18,,11.68,2.73%,3184179
1390,"LASE","Laser Photonics Corp","Industrials","Specialty Industrial Machinery","USA",28.47,,0.87,20.66%,2790951
1391,"LASR","nLIGHT Inc","Technology","Semiconductors","USA",4123.54,,73.91,11.66%,3791579
1392,"LAUR","Laureate Education Inc","Consumer Defensive","Education & Training Services","USA",4592.69,17.31,32.81,1.99%,944447
1393,"LAZ","Lazard Inc","Financial","Capital Markets","USA",4732.88,19.03,48.08,3.53%,1821080
1394,"LBRDK","Liberty Broadband Corp","Communication Services","Telecom Services","USA",5178.37,,36.10,-3.40%,1300605
1395,"LBRT","Liberty Energy Inc","Energy","Oil & Gas Equipment & Services","USA",5403.27,36.33,33.11,4.51%,3310408
1396,"LBTYA","Liberty Global Ltd","Communication Services","Telecom Services","Bermuda",4098.18,,12.15,-0.98%,1306402
1397,"LBTYK","Liberty Global Ltd","Communication Services","Telecom Services","Bermuda",4098.18,,11.82,-0.92%,780061
1398,"LC","LendingClub Corp","Financial","Banks - Regional","USA",1919.44,11.14,16.64,-0.30%,2003144
1399,"LCID","Lucid Group Inc","Consumer Cyclical","Auto Manufacturers","USA",2474.23,,6.34,4.79%,13085312
1400,"LCTX","Lineage Cell Therapeutics Inc","Healthcare","Biotechnology","USA",341.25,,1.37,0.00%,1166530
1401,"LDI","LoanDepot Inc","Financial","Mortgage Finance","USA",323.14,,1.40,-0.71%,2634990
1402,"LDOS","Leidos Holdings Inc","Technology","Information Technology Services","USA",16365.95,11.91,130.11,-0.88%,1516955
1403,"LEG","Leggett & Platt Inc","Consumer Cyclical","Furnishings, Fixtures & Appliances","USA",1372.51,6.27,10.06,-2.33%,2362928
1404,"LEGN","Legend Biotech Corp ADR","Healthcare","Biotechnology","USA",5200.51,,28.12,-1.58%,2600698
1405,"LEN","Lennar Corp","Consumer Cyclical","Residential Construction","USA",21696.73,12.70,88.38,0.73%,1501741
1406,"LEVI","Levi Strauss & Co","Consumer Cyclical","Apparel Manufacturing","USA",8718.80,19.58,22.67,-0.35%,1983653
1407,"LFMD","LifeMD Inc","Healthcare","Health Information Services","USA",231.17,,4.78,6.46%,840915
1408,"LFST","LifeStance Health Group Inc","Healthcare","Medical Care Facilities","USA",2986.33,130.07,7.70,-12.99%,24976010
1409,"LGN","Legence Corp","Industrials","Engineering & Construction","USA",10792.12,,99.89,2.51%,1510437
1410,"LGO","Largo Inc","Basic Materials","Other Industrial Metals & Mining","Canada",95.38,,1.14,-1.72%,759086
1411,"LGVN","Longeveron Inc","Healthcare","Biotechnology","USA",19.67,,0.85,-0.77%,466811
1412,"LHSW","Lianhe Sowell International Group Ltd","Technology","Software - Infrastructure","China",11.40,9.37,0.22,-5.51%,326248
1413,"LHX","L3Harris Technologies Inc","Industrials","Aerospace & Defense","USA",55821.42,32.53,299.64,-0.51%,1189817
1414,"LI","Li Auto Inc ADR","Consumer Cyclical","Auto Manufacturers","China",15256.80,129.50,18.00,2.27%,2650359
1415,"LIDR","AEye Inc","Technology","Software - Infrastructure","USA",90.24,,1.99,5.29%,1113066
1416,"LIF","Life360 Inc","Technology","Software - Application","USA",3554.31,25.07,44.05,0.09%,701455
1417,"LIMN","Liminatus Pharma Inc","Healthcare","Biotechnology","USA",9.10,,0.20,1.15%,730530
1418,"LIN","Linde Plc","Basic Materials","Specialty Chemicals","United Kingdom",228135.58,32.73,493.16,-0.14%,1686284
1419,"LINE","Lineage Inc","Real Estate","REIT - Industrial","USA",9097.87,,39.96,-0.03%,1273339
1420,"LION","Lionsgate Studios Corp","Financial","Shell Companies","Canada",3551.89,,12.24,-1.13%,3261113
1421,"LITE","Lumentum Holdings Inc","Technology","Communication Equipment","USA",70315.64,167.74,903.80,1.26%,6727632
1422,"LITX","Tradr 2X Long LITE Daily ETF","Financial","Exchange Traded Fund","USA",,,44.49,2.96%,8303585
1423,"LKQ","LKQ Corp","Consumer Cyclical","Auto Parts","USA",7360.91,14.29,28.89,0.63%,2527009
1424,"LLY","Lilly(Eli) & Co","Healthcare","Drug Manufacturers - General","USA",893194.64,34.14,948.45,-2.72%,3559345
1425,"LMND","Lemonade Inc","Financial","Insurance - Property & Casualty","USA",4225.91,,55.01,1.07%,1584478
1426,"LMT","Lockheed Martin Corp","Industrials","Aerospace & Defense","USA",116782.78,24.53,506.51,-1.15%,1293827
1427,"LNAI","Lunai Bioworks Inc","Healthcare","Biotechnology","USA",11.97,,0.33,-0.90%,1209531
1428,"LNC","Lincoln National Corp","Financial","Insurance - Life","USA",6845.43,4.14,35.80,-0.39%,2717741
1429,"LNG","Cheniere Energy Inc","Energy","Oil & Gas Midstream","USA",50315.50,39.30,240.11,-2.70%,2661735
1430,"LNT","Alliant Energy Corp","Utilities","Utilities - Regulated Electric","USA",18533.96,22.56,71.76,0.10%,2582625
1431,"LOAR","Loar Holdings Inc","Industrials","Aerospace & Defense","USA",5598.74,84.36,59.80,-0.50%,1837493
1432,"LOBO","Lobo Technologies Ltd","Consumer Cyclical","Auto Manufacturers","China",7.08,,0.56,-10.78%,211458
1433,"LOCL","Local Bounti Corp","Consumer Defensive","Farm Products","USA",34.81,,1.53,-3.16%,48287
1434,"LODE","Comstock Inc","Basic Materials","Other Precious Metals & Mining","USA",223.18,,2.94,-10.91%,4043187
1435,"LOGI","Logitech International SA","Technology","Computer Hardware","Switzerland",15697.46,22.79,109.39,5.99%,1911740
1436,"LOW","Lowe's Cos. Inc","Consumer Cyclical","Home Improvement Retail","USA",128366.41,19.35,229.20,-0.73%,1746409
1437,"LPL","LG Display Co Ltd ADR","Technology","Consumer Electronics","South Korea",4390.00,,4.39,1.62%,1293692
1438,"LPLA","LPL Financial Holdings Inc","Financial","Capital Markets","USA",24276.40,27.10,303.52,-1.97%,1133343
1439,"LPTH","Lightpath Technologies Inc","Technology","Electronic Components","USA",722.71,,11.51,-4.32%,5775916
1440,"LPX","Louisiana-Pacific Corp","Industrials","Building Products & Equipment","USA",5250.35,64.15,75.15,-0.45%,1487367
1441,"LQD","iShares iBoxx USD Investment Grade Corporate Bond ETF","Financial","Exchange Traded Fund","USA",,,109.20,0.42%,17503264
1442,"LQDA","Liquidia Corp","Healthcare","Drug Manufacturers - Specialty & Generic","USA",3727.24,,42.30,0.05%,1508016
1443,"LRCX","Lam Research Corp","Technology","Semiconductor Equipment & Materials","USA",367730.40,55.50,294.05,2.63%,8996650
1444,"LRMR","Larimar Therapeutics Inc","Healthcare","Biotechnology","USA",412.42,,3.97,-0.75%,1496786
1445,"LSCC","Lattice Semiconductor Corp","Technology","Semiconductors","USA",17426.03,895.70,127.19,6.06%,2790823
1446,"LTH","Life Time Group Holdings Inc","Consumer Cyclical","Leisure","USA",7107.71,18.75,31.93,-0.81%,8677714
1447,"LTM","LATAM Airlines Group SA ADR","Industrials","Airlines","Chile",14691.42,9.00,51.17,-1.25%,1077055
1448,"LU","Lufax Holding Ltd ADR","Financial","Credit Services","China",1635.15,,1.95,0.00%,726079
1449,"LULU","Lululemon Athletica Inc","Consumer Cyclical","Apparel Retail","Canada",15835.35,9.86,131.18,-1.80%,2082004
1450,"LUMN","Lumen Technologies Inc","Communication Services","Telecom Services","USA",8737.04,,8.48,0.24%,12075031
1451,"LUNR","Intuitive Machines Inc","Industrials","Aerospace & Defense","USA",6297.79,,28.97,20.16%,16468522
1452,"LUV","Southwest Airlines Co","Industrials","Airlines","USA",20191.24,26.32,41.31,-0.19%,4938818
1453,"LVS","Las Vegas Sands Corp","Consumer Cyclical","Resorts & Casinos","USA",35192.67,19.66,53.11,-1.25%,6260522
1454,"LW","Lamb Weston Holdings Inc","Consumer Defensive","Packaged Foods","USA",5800.44,19.61,42.01,-2.37%,983992
1455,"LWLG","Lightwave Logic Inc","Basic Materials","Specialty Chemicals","USA",2474.53,,16.43,10.83%,10526741
1456,"LX","LexinFintech Holdings Ltd ADR","Financial","Credit Services","China",275.52,1.60,2.09,1.46%,874391
1457,"LXRX","Lexicon Pharmaceuticals Inc","Healthcare","Biotechnology","USA",888.39,,2.00,19.05%,7018739
1458,"LXU","LSB Industries Inc","Basic Materials","Chemicals","USA",1000.44,21.93,13.91,2.51%,759296
1459,"LYB","LyondellBasell Industries NV","Basic Materials","Specialty Chemicals","United Kingdom",23163.04,,71.76,0.35%,4019561
1460,"LYFT","Lyft Inc","Technology","Software - Application","USA",5581.08,2.02,14.35,1.34%,28551852
1461,"LYG","Lloyds Banking Group plc ADR","Financial","Banks - Regional","United Kingdom",79235.64,12.95,5.43,2.65%,18794800
1462,"LYV","Live Nation Entertainment Inc","Communication Services","Entertainment","USA",37997.35,,163.28,-1.49%,3571344
1463,"LZ","LegalZoom.com Inc","Industrials","Specialty Business Services","USA",1052.20,98.71,6.13,0.99%,3512706
1464,"LZMH","LZ Technology Holdings Ltd","Technology","Information Technology Services","China",12.41,,0.10,0.10%,1826145
1465,"M","Macy's Inc","Consumer Cyclical","Department Stores","USA",5137.65,8.34,19.48,1.30%,3806808
1466,"MA","Mastercard Incorporated","Financial","Credit Services","USA",438022.29,28.68,495.48,-1.09%,4143651
1467,"MAC","Macerich Co","Real Estate","REIT - Retail","USA",5964.92,,21.87,2.34%,1554497
1468,"MAGS","Roundhill Magnificent Seven ETF","Financial","Exchange Traded Fund","USA",,,69.62,1.06%,2557080
1469,"MAIR","Madison Air Solutions Corp","Industrials","Building Products & Equipment","USA",,,42.02,-0.43%,1219804
1470,"MAMO","Massimo Group","Consumer Cyclical","Recreational Vehicles","USA",41.22,27.42,0.99,-0.49%,60952
1471,"MAN","ManpowerGroup","Industrials","Staffing & Employment Services","USA",1387.25,,29.84,-2.00%,504557
1472,"MAR","Marriott International Inc","Consumer Cyclical","Lodging","USA",93129.55,37.06,353.18,0.32%,1067994
1473,"MARA","MARA Holdings Inc","Financial","Capital Markets","USA",4920.24,,12.94,1.89%,48391814
1474,"MAS","Masco Corp","Industrials","Building Products & Equipment","USA",14472.43,17.82,71.74,-0.26%,2780991
1475,"MASI","Masimo Corp","Healthcare","Medical Devices","USA",9337.35,122.28,178.31,-0.11%,757754
1476,"MASK","3 E Network Technology Group Ltd","Technology","Software - Application","China",3.59,0.79,3.18,28.23%,24400159
1477,"MAT","Mattel Inc","Consumer Cyclical","Leisure","USA",4472.33,9.71,15.39,2.60%,6535376
1478,"MAXN","Maxeon Solar Technologies Ltd","Technology","Solar","Singapore",12.86,0.02,0.76,0.00%,0
1479,"MBB","iShares MBS ETF","Financial","Exchange Traded Fund","USA",,,94.91,0.35%,1709683
1480,"MBC","MasterBrand Inc","Consumer Cyclical","Furnishings, Fixtures & Appliances","USA",973.96,,7.61,-2.69%,3893502
1481,"MBLY","Mobileye Global Inc","Consumer Cyclical","Auto Parts","Israel",7739.69,,9.19,3.61%,3966148
1482,"MBOT","Microbot Medical Inc","Healthcare","Medical Instruments & Supplies","USA",143.05,,2.13,0.00%,962779
1483,"MC","Moelis & Co","Financial","Capital Markets","USA",5298.71,23.37,65.08,1.83%,602287
1484,"MCD","McDonald's Corp","Consumer Cyclical","Restaurants","USA",195921.99,22.73,275.75,-2.80%,6044114
1485,"MCHI","iShares MSCI China ETF","Financial","Exchange Traded Fund","USA",,,58.32,-0.02%,3610347
1486,"MCHP","Microchip Technology Inc","Technology","Semiconductors","USA",53621.11,458.96,99.09,-2.45%,18857337
1487,"MCO","Moody's Corp","Financial","Financial Data & Stock Exchanges","USA",78845.60,32.36,451.32,-1.26%,762818
1488,"MCW","Mister Car Wash Inc","Consumer Cyclical","Auto & Truck Dealerships","USA",2315.42,21.26,7.04,0.00%,4197467
1489,"MDB","MongoDB Inc","Technology","Software - Infrastructure","USA",24068.26,,299.47,2.06%,1813007
1490,"MDCX","Medicus Pharma Ltd","Healthcare","Drug Manufacturers - General","Canada",14.01,,0.34,6.69%,2968197
1491,"MDLN","Medline Inc","Healthcare","Medical Instruments & Supplies","USA",50571.67,33.05,39.52,-5.59%,11853299
1492,"MDLZ","Mondelez International Inc","Consumer Defensive","Confectioners","USA",79008.64,30.52,61.55,0.39%,6472084
1493,"MDT","Medtronic Plc","Healthcare","Medical Devices","Ireland",97767.85,21.26,76.15,-2.32%,10199476
1494,"MDU","MDU Resources Group Inc","Utilities","Utilities - Regulated Gas","USA",4700.55,24.51,22.49,0.09%,1421530
1495,"MDXG","Mimedx Group Inc","Healthcare","Biotechnology","USA",536.20,17.62,3.60,-2.44%,1766754
1496,"MDY","State Street SPDR S&P MIDCAP 400 ETF Trust","Financial","Exchange Traded Fund","USA",,,675.24,0.43%,328035
1497,"MEHA","Functional Brands Inc","Consumer Defensive","Packaged Foods","USA",2.08,8.72,0.10,0.63%,3232703
1498,"MEOH","Methanex Corp","Basic Materials","Chemicals","Canada",4656.30,,60.19,-1.94%,669751
1499,"MET","Metlife Inc","Financial","Insurance - Life","USA",50239.54,15.10,78.08,-0.94%,3051008
1500,"META","Meta Platforms Inc","Communication Services","Internet Content & Information","USA",1547268.64,22.16,609.63,-1.16%,13556963
1501,"METC","Ramaco Resources Inc","Basic Materials","Coking Coal","USA",947.97,,14.81,0.27%,945204
1502,"METU","Direxion Daily META Bull 2X ETF","Financial","Exchange Traded Fund","USA",,,24.69,-2.45%,4009142
1503,"MFA","MFA Financial Inc","Real Estate","REIT - Mortgage","USA",1005.80,11.35,9.90,1.54%,1149264
1504,"MFC","Manulife Financial Corp","Financial","Insurance - Life","Canada",67103.14,18.04,40.02,1.16%,2096888
1505,"MFG","Mizuho Financial Group Inc ADR","Financial","Banks - Regional","Japan",105286.30,15.35,8.69,0.35%,2246387
1506,"MFIC","MidCap Financial Investment Corp","Financial","Asset Management","USA",1077.01,211.59,11.68,-1.39%,735325
1507,"MGA","Magna International Inc","Consumer Cyclical","Auto Parts","Canada",17595.07,26.51,63.11,3.05%,1175820
1508,"MGK","Vanguard Mega Cap Growth ETF","Financial","Exchange Traded Fund","USA",,,88.12,1.23%,1266152
1509,"MGM","MGM Resorts International","Consumer Cyclical","Resorts & Casinos","USA",9924.47,53.50,38.79,1.78%,3755209
1510,"MGN","Megan Holdings Ltd","Industrials","Engineering & Construction","Malaysia",2.71,4.73,0.17,9.87%,945797
1511,"MGNI","Magnite Inc","Communication Services","Advertising Agencies","USA",2023.63,13.65,14.13,0.93%,4312973
1512,"MGNX","Macrogenics Inc","Healthcare","Biotechnology","USA",190.68,,3.00,2.04%,814239
1513,"MGRX","Mangoceuticals Inc","Healthcare","Health Information Services","USA",6.97,,0.41,20.85%,4435826
1514,"MGY","Magnolia Oil & Gas Corp","Energy","Oil & Gas E&P","USA",5295.10,16.13,27.80,-1.24%,2930584
1515,"MHK","Mohawk Industries Inc","Consumer Cyclical","Furnishings, Fixtures & Appliances","USA",6328.77,15.58,103.83,1.06%,822460
1516,"MI","NFT Ltd","Consumer Cyclical","Internet Retail","Hong Kong",3.90,,0.21,2.23%,257564
1517,"MIAX","Miami International Holdings Inc","Financial","Capital Markets","USA",4764.96,77.23,51.99,4.46%,1705919
1518,"MICC","Magnum Ice Cream Company NV","Consumer Defensive","Packaged Foods","Netherlands",9055.33,29.39,14.79,0.82%,703395
1519,"MIMI","Mint Inc Ltd","Industrials","Engineering & Construction","Hong Kong",7.98,,2.90,7.41%,92599
1520,"MINT","PIMCO Enhanced Short Maturity Active ETF","Financial","Exchange Traded Fund","USA",,,100.49,0.03%,1154663
1521,"MIR","Mirion Technologies Inc","Industrials","Specialty Industrial Machinery","USA",4757.38,201.17,18.99,-3.85%,3114382
1522,"MIST","Milestone Pharmaceuticals Inc","Healthcare","Biotechnology","Canada",225.92,,1.92,1.59%,602329
1523,"MKC","McCormick & Co Inc","Consumer Defensive","Packaged Foods","USA",12983.46,7.92,48.32,0.88%,3860523
1524,"MKSI","MKS Inc","Technology","Scientific & Technical Instruments","USA",21155.50,65.47,313.21,4.13%,1736811
1525,"MLCO","Melco Resorts & Entertainment Ltd ADR","Consumer Cyclical","Resorts & Casinos","Hong Kong",2085.12,9.21,5.37,-4.11%,3649927
1526,"MLEC","Moolec Science SA","Healthcare","Biotechnology","Cayman Islands",6.46,,8.90,-0.89%,24330
1527,"MLSS","Milestone Scientific Inc","Healthcare","Medical Instruments & Supplies","USA",36.77,,0.46,-2.56%,399805
1528,"MLTX","MoonLake Immunotherapeutics","Healthcare","Biotechnology","Switzerland",1242.86,,17.06,-0.81%,961898
1529,"MLYS","Mineralys Therapeutics Inc","Healthcare","Biotechnology","USA",2436.99,,29.54,0.65%,894873
1530,"MMED","MiniMed Group Inc","Healthcare","Health Information Services","USA",3249.09,,11.57,-1.36%,538429
1531,"MMM","3M Co","Industrials","Conglomerates","USA",74735.37,27.64,143.29,-0.32%,2565967
1532,"MMYT","MakeMyTrip Ltd","Consumer Cyclical","Travel Services","India",4538.45,97.57,47.84,-5.29%,615516
1533,"MNDR","Mobile health Network Solutions","Healthcare","Health Information Services","Singapore",4.48,,1.06,-9.40%,234401
1534,"MNDY","Monday.Com Ltd","Technology","Software - Application","Israel",3687.16,32.17,72.07,-5.66%,2595078
1535,"MNKD","Mannkind Corp","Healthcare","Biotechnology","USA",1087.50,,3.52,-0.85%,9544170
1536,"MNST","Monster Beverage Corp","Consumer Defensive","Beverages - Non-Alcoholic","USA",84383.51,41.88,86.29,13.58%,15284847
1537,"MNTS","Momentus Inc","Industrials","Aerospace & Defense","USA",31.29,,5.46,23.81%,4489114
1538,"MO","Altria Group Inc","Consumer Defensive","Tobacco","USA",113753.00,14.24,68.12,-1.33%,7334976
1539,"MOAT","VanEck Morningstar Wide Moat ETF","Financial","Exchange Traded Fund","USA",,,101.53,-0.09%,603188
1540,"MOBX","Mobix Labs Inc","Technology","Semiconductors","USA",21.29,,2.00,-6.54%,682327
1541,"MOD","Modine Manufacturing Co","Consumer Cyclical","Auto Parts","USA",14395.62,151.57,273.00,1.24%,765405
1542,"MOH","Molina Healthcare Inc","Healthcare","Healthcare Plans","USA",9687.47,54.84,185.94,-3.08%,1540603
1543,"MORT","VanEck Mortgage REIT Income ETF","Financial","Exchange Traded Fund","USA",,,10.50,0.10%,515648
1544,"MOS","Mosaic Company","Basic Materials","Agricultural Inputs","USA",7053.02,13.15,22.19,-3.14%,9629275
1545,"MP","MP Materials Corp","Basic Materials","Other Industrial Metals & Mining","USA",11980.12,,67.43,-2.46%,11619365
1546,"MPC","Marathon Petroleum Corp","Energy","Oil & Gas Refining & Marketing","USA",71486.52,16.00,244.87,1.08%,2575018
1547,"MPLX","MPLX LP","Energy","Oil & Gas Midstream","USA",54795.62,11.71,54.00,-4.03%,2524619
1548,"MPT","Medical Properties Trust Inc","Real Estate","REIT - Healthcare Facilities","USA",3116.63,,5.17,-3.00%,5885958
1549,"MQ","Marqeta Inc","Technology","Software - Infrastructure","USA",1768.21,772.22,4.17,-0.48%,3628321
1550,"MREO","Mereo Biopharma Group Plc ADR","Healthcare","Biotechnology","United Kingdom",39.72,,0.25,4.00%,1408216
1551,"MRK","Merck & Co Inc","Healthcare","Drug Manufacturers - General","USA",275089.04,31.35,111.38,-0.82%,5725146
1552,"MRNA","Moderna Inc","Healthcare","Biotechnology","USA",21565.33,,54.35,11.97%,20925852
1553,"MRNO","Murano Global Investments PLC","Real Estate","Real Estate - Development","United Kingdom",18.72,,0.24,6.55%,704804
1554,"MRP","Millrose Properties Inc","Real Estate","REIT - Residential","USA",4152.17,9.66,26.93,0.11%,2422106
1555,"MRSH","Marsh","Financial","Insurance Brokers","USA",78652.95,20.43,163.25,-1.67%,1948128
1556,"MRVI","Maravai LifeSciences Holdings Inc","Healthcare","Biotechnology","USA",1246.78,,4.85,23.10%,11244657
1557,"MRVL","Marvell Technology Inc","Technology","Semiconductors","USA",148771.59,55.04,170.13,6.32%,20588961
1558,"MRX","Marex Group Plc","Financial","Capital Markets","United Kingdom",4064.81,13.06,56.51,8.92%,1301292
1559,"MS","Morgan Stanley","Financial","Capital Markets","USA",304557.94,17.49,193.09,1.54%,5873844
1560,"MSFD","Direxion Daily MSFT Bear 1X ETF","Financial","Exchange Traded Fund","USA",,,13.12,1.50%,1230967
1561,"MSFL","GraniteShares 2x Long MSFT Daily ETF","Financial","Exchange Traded Fund","USA",,,18.78,-2.85%,1408913
1562,"MSFT","Microsoft Corp","Technology","Software - Infrastructure","USA",3083691.72,24.72,415.12,-1.34%,33383790
1563,"MSFU","Direxion Daily MSFT Bull 2X ETF","Financial","Exchange Traded Fund","USA",,,28.37,-2.88%,6508647
1564,"MSI","Motorola Solutions Inc","Technology","Communication Equipment","USA",63740.64,30.96,383.99,-11.36%,3101645
1565,"MSOS","AdvisorShares Pure US Cannabis ETF","Financial","Exchange Traded Fund","USA",,,5.05,-3.63%,6794631
1566,"MSOX","AdvisorShares MSOS 2x Daily ETF","Financial","Exchange Traded Fund","USA",,,3.61,-7.44%,2345709
1567,"MSTR","Strategy Inc","Technology","Software - Application","USA",64947.72,,187.59,4.31%,15985219
1568,"MSTU","T-Rex 2X Long MSTR Daily Target ETF","Financial","Exchange Traded Fund","USA",,,8.86,7.92%,28164258
1569,"MSTX","Defiance Daily Target 2x Long MSTR ETF","Financial","Exchange Traded Fund","USA",,,40.53,8.51%,2578773
1570,"MSTY","YieldMax MSTR Option Income Strategy ETF","Financial","Exchange Traded Fund","USA",,,26.75,3.36%,1516415
1571,"MSTZ","T-Rex 2X Inverse MSTR Daily Target ETF","Financial","Exchange Traded Fund","USA",,,4.63,-8.68%,22448035
1572,"MT","ArcelorMittal","Basic Materials","Steel","Luxembourg",47218.64,15.00,62.04,1.47%,1960760
1573,"MTB","M & T Bank Corp","Financial","Banks - Regional","USA",31066.86,11.88,212.14,-0.41%,668650
1574,"MTCH","Match Group Inc","Communication Services","Internet Content & Information","USA",8621.53,14.11,36.96,3.15%,3970073
1575,"MTDR","Matador Resources Co","Energy","Oil & Gas E&P","USA",6866.05,14.23,55.26,-0.56%,2683699
1576,"MTG","MGIC Investment Corp","Financial","Insurance - Specialty","USA",5657.36,8.50,26.75,0.64%,2355440
1577,"MTNE-U","CH4 Natural Solutions Corp","Financial","Shell Companies","USA",202.61,,10.03,-0.20%,311493
1578,"MTSI","MACOM Technology Solutions Holdings Inc","Technology","Semiconductors","USA",27457.32,156.04,359.88,4.47%,1769005
1579,"MU","Micron Technology Inc","Technology","Semiconductors","USA",842203.03,35.26,746.81,15.49%,65130914
1580,"MUB","iShares National Muni Bond ETF","Financial","Exchange Traded Fund","USA",,,107.00,0.01%,2132636
1581,"MUD","Direxion Daily MU Bear 1X ETF","Financial","Exchange Traded Fund","USA",,,18.26,-15.50%,10558558
1582,"MUFG","Mitsubishi UFJ Financial Group Inc ADR","Financial","Banks - Diversified","Japan",203463.26,15.86,17.95,-0.28%,1760102
1583,"MUR","Murphy Oil Corp","Energy","Oil & Gas E&P","USA",5301.07,63.30,36.98,-3.37%,2427172
1584,"MUU","Direxion Daily MU Bull 2X ETF","Financial","Exchange Traded Fund","USA",,,542.72,30.88%,2866666
1585,"MUX","McEwen Inc","Basic Materials","Other Precious Metals & Mining","Canada",1447.50,22.09,24.23,3.64%,1664114
1586,"MVIS","Microvision Inc","Technology","Scientific & Technical Instruments","USA",218.59,,0.67,9.16%,5313288
1587,"MVST","Microvast Holdings Inc","Consumer Cyclical","Auto Parts","USA",707.23,,2.13,12.70%,7387043
1588,"MWA","Mueller Water Products Inc","Industrials","Specialty Industrial Machinery","USA",4126.14,20.01,26.37,-1.93%,918915
1589,"MWH","SOLV Energy Inc","Utilities","Utilities - Renewable","USA",8725.29,,43.09,2.42%,652776
1590,"MWYN","Marwynn Holdings Inc","Consumer Cyclical","Furnishings, Fixtures & Appliances","USA",15.96,,0.79,1.32%,97562
1591,"MXL","MaxLinear Inc","Technology","Semiconductors","USA",8939.37,,99.83,21.20%,7816173
1592,"MYGN","Myriad Genetics Inc","Healthcare","Diagnostics & Research","USA",405.18,,4.29,4.89%,1983486
1593,"MYSE","Myseum.AI Inc","Technology","Software - Application","USA",7.75,,1.82,-6.19%,301254
1594,"NABL","N-able Inc","Technology","Information Technology Services","USA",883.49,,4.69,-8.93%,1711392
1595,"NAGE","Niagen Bioscience Inc","Healthcare","Biotechnology","USA",332.12,19.10,4.17,-0.48%,1787470
1596,"NAIL","Direxion Daily Homebuilders & Supplies Bull 3X ETF","Financial","Exchange Traded Fund","USA",,,39.32,0.10%,1211641
1597,"NAK","Northern Dynasty Minerals Ltd","Basic Materials","Other Industrial Metals & Mining","Canada",1203.98,,2.15,4.37%,5154418
1598,"NAKA","Nakamoto Inc","Financial","Capital Markets","USA",122.20,,0.18,-1.61%,5619200
1599,"NAMM","Namib Minerals","Basic Materials","Gold","Cayman Islands",86.63,,1.59,-8.62%,664373
1600,"NASA","Tema Space Innovators ETF","Financial","Exchange Traded Fund","USA",,,32.09,8.49%,1800801
1601,"NAT","Nordic American Tankers Ltd","Energy","Oil & Gas Midstream","Bermuda",1253.56,102.07,5.92,1.02%,2247508
1602,"NATL","NCR Atleos Corp","Technology","Software - Application","USA",3266.23,19.07,44.27,0.05%,1300508
1603,"NAVI","Navient Corp","Financial","Credit Services","USA",802.67,,8.54,-2.84%,560980
1604,"NAVN","Navan Inc","Technology","Software - Application","USA",4684.22,,18.68,3.72%,3876064
1605,"NB","NioCorp Developments Ltd","Basic Materials","Other Industrial Metals & Mining","USA",885.00,,6.09,1.67%,3340106
1606,"NBIG","Leverage Shares 2X Long NBIS Daily ETF","Financial","Exchange Traded Fund","USA",,,19.30,-8.01%,750500
1607,"NBIL","GraniteShares 2x Long NBIS Daily ETF","Financial","Exchange Traded Fund","USA",,,27.38,-8.79%,1039539
1608,"NBIS","Nebius Group NV","Technology","Software - Infrastructure","Netherlands",44565.33,347.36,177.05,-4.18%,12929585
1609,"NBIX","Neurocrine Biosciences Inc","Healthcare","Drug Manufacturers - Specialty & Generic","USA",15308.74,23.41,152.25,1.78%,1414990
1610,"NBIZ","Tradr 2X Short NBIS Daily ETF","Financial","Exchange Traded Fund","USA",,,2.70,8.43%,6681062
1611,"NCI","Neo Concept International Group Holdings Ltd","Consumer Cyclical","Apparel Manufacturing","Hong Kong",4.55,106.67,1.12,0.90%,1470860
1612,"NCLH","Norwegian Cruise Line Holdings Ltd","Consumer Cyclical","Travel Services","USA",7841.60,14.62,17.08,-0.81%,17712864
1613,"NCNO","Ncino Inc","Technology","Software - Application","USA",2032.99,401.58,17.75,-0.17%,1775794
1614,"NCRA","Nocera Inc","Consumer Defensive","Packaged Foods","Taiwan",4.17,,0.24,3.74%,175826
1615,"NDAQ","Nasdaq Inc","Financial","Financial Data & Stock Exchanges","USA",50282.24,26.79,88.91,-0.10%,2559134
1616,"NE","Noble Corp Plc","Energy","Oil & Gas Drilling","USA",7999.63,35.30,50.14,3.42%,1482030
1617,"NEE","NextEra Energy Inc","Utilities","Utilities - Regulated Electric","USA",194145.30,23.64,93.10,-0.24%,6230105
1618,"NEM","Newmont Corp","Basic Materials","Gold","USA",124380.57,15.11,116.51,2.66%,5292489
1619,"NEO","Neogenomics Inc","Healthcare","Diagnostics & Research","USA",1166.70,,8.96,-1.21%,1747900
1620,"NEOG","Neogen Corp","Healthcare","Medical Devices","USA",1969.94,,9.05,-2.16%,1596271
1621,"NESR","National Energy Services Reunited Corp","Energy","Oil & Gas Equipment & Services","USA",2328.41,44.81,23.10,-1.07%,1967578
1622,"NET","Cloudflare Inc","Technology","Software - Infrastructure","USA",68974.04,,196.13,-23.62%,18919091
1623,"NEXA","Nexa Resources SA","Basic Materials","Other Industrial Metals & Mining","Luxembourg",1897.85,14.31,14.33,2.87%,1207555
1624,"NEXT","NextDecade Corp","Energy","Oil & Gas Equipment & Services","USA",2003.35,,7.56,-0.79%,2390113
1625,"NFE","New Fortress Energy Inc","Energy","Oil & Gas Midstream","USA",199.94,,0.70,-4.12%,4535799
1626,"NFGC","New Found Gold Corp","Basic Materials","Gold","Canada",752.56,,2.18,3.32%,1128025
1627,"NFLX","Netflix Inc","Communication Services","Entertainment","USA",368402.74,28.27,87.49,-0.86%,36215113
1628,"NG","Novagold Resources Inc","Basic Materials","Gold","USA",3839.32,,8.75,2.70%,2824468
1629,"NGG","National Grid Plc ADR","Utilities","Utilities - Regulated Electric","United Kingdom",86465.11,23.10,86.89,1.14%,1000554
1630,"NHP","National Healthcare Properties Inc","Real Estate","REIT - Healthcare Facilities","USA",241.50,,14.12,3.98%,624798
1631,"NI","NiSource Inc","Utilities","Utilities - Regulated Gas","USA",22399.40,23.25,46.72,-0.64%,3853508
1632,"NIO","NIO Inc ADR","Consumer Cyclical","Auto Manufacturers","China",13605.75,,5.85,-0.34%,18961125
1633,"NIQ","NIQ Global Intelligence plc","Technology","Software - Application","USA",3163.64,,10.72,-4.29%,638097
1634,"NKE","Nike Inc","Consumer Cyclical","Footwear & Accessories","USA",65366.36,29.04,44.14,-0.61%,17357068
1635,"NKTR","Nektar Therapeutics","Healthcare","Biotechnology","USA",2719.75,,81.89,-1.78%,722769
1636,"NLY","Annaly Capital Management Inc","Real Estate","REIT - Mortgage","USA",16568.07,7.62,22.61,1.03%,4405134
1637,"NMAX","Newsmax Inc","Communication Services","Broadcasting","USA",818.74,,6.34,3.09%,1163483
1638,"NMFC","New Mountain Finance Corp","Financial","Asset Management","USA",782.07,,8.28,-1.90%,622349
1639,"NMG","Nouveau Monde Graphite Inc","Basic Materials","Other Industrial Metals & Mining","Canada",328.09,,2.04,-0.97%,840610
1640,"NMR","Nomura Holdings Inc ADR","Financial","Capital Markets","Japan",23065.57,10.02,7.95,0.63%,1332582
1641,"NMRA","Neumora Therapeutics Inc","Healthcare","Biotechnology","USA",339.07,,1.83,-5.67%,2129663
1642,"NMRK","Newmark Group Inc","Real Estate","Real Estate Services","USA",2971.63,20.65,16.73,-0.83%,1457359
1643,"NN","NextNav Inc","Technology","Software - Infrastructure","USA",2692.00,,19.79,1.44%,1999142
1644,"NNDM","Nano Dimension Ltd ADR","Technology","Computer Hardware","Israel",326.76,,1.58,-14.59%,5133115
1645,"NNE","Nano Nuclear Energy Inc","Industrials","Specialty Industrial Machinery","USA",1429.68,,27.45,2.81%,2279145
1646,"NNN","NNN REIT Inc","Real Estate","REIT - Retail","USA",8439.41,21.63,44.36,-0.34%,1753202
1647,"NNOX","Nano X Imaging Ltd","Healthcare","Medical Devices","Israel",120.39,,1.73,-1.70%,1228300
1648,"NOG","Northern Oil and Gas Inc","Energy","Oil & Gas E&P","USA",2475.51,,23.40,-2.21%,1953772
1649,"NOK","Nokia Corp ADR","Technology","Communication Equipment","Finland",71698.54,79.98,12.82,3.81%,97077419
1650,"NOMD","Nomad Foods Limited","Consumer Defensive","Packaged Foods","United Kingdom",1341.29,9.15,9.44,-6.90%,2481621
1651,"NOV","NOV Inc","Energy","Oil & Gas Equipment & Services","USA",6908.60,80.75,19.25,-0.26%,3093579
1652,"NOW","ServiceNow Inc","Technology","Software - Application","USA",94034.66,54.24,91.18,-2.58%,24699031
1653,"NOWL","GraniteShares 2x Long NOW Daily ETF","Financial","Exchange Traded Fund","USA",,,4.08,-5.56%,17586494
1654,"NRG","NRG Energy Inc","Utilities","Utilities - Independent Power Producers","USA",29139.34,161.19,138.11,-2.64%,2475783
1655,"NRGV","Energy Vault Holdings Inc","Utilities","Utilities - Renewable","USA",783.58,,4.53,9.16%,4497979
1656,"NRIX","Nurix Therapeutics Inc","Healthcare","Biotechnology","USA",1708.26,,16.52,1.47%,1293837
1657,"NSA","National Storage Affiliates Trust","Real Estate","REIT - Industrial","USA",5854.25,57.83,43.67,0.78%,726754
1658,"NSC","Norfolk Southern Corp","Industrials","Railroads","USA",70075.57,26.30,312.01,-0.44%,1705872
1659,"NSP","Insperity Inc","Industrials","Staffing & Employment Services","USA",1243.93,,32.59,-0.31%,606807
1660,"NTAP","Netapp Inc","Technology","Software - Infrastructure","USA",23284.99,19.74,118.00,4.42%,2893849
1661,"NTLA","Intellia Therapeutics Inc","Healthcare","Biotechnology","USA",1664.50,,14.09,2.77%,5804319
1662,"NTNX","Nutanix Inc","Technology","Software - Infrastructure","USA",12199.76,50.37,46.00,0.15%,3323611
1663,"NTR","Nutrien Ltd","Basic Materials","Agricultural Inputs","Canada",32876.30,13.91,68.33,-0.07%,3317388
1664,"NTRA","Natera Inc","Healthcare","Diagnostics & Research","USA",27529.88,,194.24,-11.64%,3925677
1665,"NTRS","Northern Trust Corp","Financial","Asset Management","USA",29683.43,16.79,160.41,0.24%,790436
1666,"NTSK","Netskope Inc","Technology","Software - Infrastructure","USA",4651.65,,11.62,1.93%,8091067
1667,"NTST","Netstreit Corp","Real Estate","REIT - Retail","USA",2018.80,172.68,20.67,1.52%,902521
1668,"NU","Nu Holdings Ltd","Financial","Banks - Regional","Brazil",67076.27,23.59,13.80,-3.23%,50885087
1669,"NUAI","New Era Energy & Digital Inc","Technology","Software - Infrastructure","USA",494.01,,4.99,4.83%,5930156
1670,"NUE","Nucor Corp","Basic Materials","Steel","USA",51818.72,30.19,227.50,0.35%,965201
1671,"NUVB","Nuvation Bio Inc","Healthcare","Biotechnology","USA",1672.68,,4.79,-0.42%,2918464
1672,"NVAX","Novavax Inc","Healthcare","Biotechnology","USA",1662.47,,10.11,9.53%,13354044
1673,"NVCR","NovoCure Ltd","Healthcare","Medical Devices","United Kingdom",2072.04,,17.89,6.30%,2377008
1674,"NVD","GraniteShares 2x Short NVDA Daily ETF","Financial","Exchange Traded Fund","USA",,,4.78,-3.43%,70914286
1675,"NVDA","NVIDIA Corp","Technology","Semiconductors","USA",5229359.93,43.90,215.20,1.75%,136421361
1676,"NVDL","GraniteShares 2x Long NVDA Daily ETF","Financial","Exchange Traded Fund","USA",,,107.87,3.31%,9025953
1677,"NVDQ","T-Rex 2X Inverse NVIDIA Daily Target ETF","Financial","Exchange Traded Fund","USA",,,11.06,-3.49%,3385255
1678,"NVDX","T-Rex 2X Long NVIDIA Daily Target ETF","Financial","Exchange Traded Fund","USA",,,20.53,3.58%,7402438
1679,"NVDY","YieldMax NVDA Option Income Strategy ETF","Financial","Exchange Traded Fund","USA",,,14.08,1.29%,3246773
1680,"NVO","Novo Nordisk ADR","Healthcare","Drug Manufacturers - General","Denmark",154702.14,10.81,46.07,0.59%,12054056
1681,"NVOX","Defiance Daily Target 2X Long NVO ETF","Financial","Exchange Traded Fund","USA",,,15.44,1.11%,524318
1682,"NVRI","Enviri Corp","Industrials","Waste Management","USA",1592.91,,19.26,0.26%,735536
1683,"NVS","Novartis AG ADR","Healthcare","Drug Manufacturers - General","Switzerland",267315.21,20.81,146.03,0.44%,1067501
1684,"NVST","Envista Holdings Corp","Healthcare","Medical Instruments & Supplies","USA",3944.52,60.04,24.24,-0.21%,4873872
1685,"NVT","nVent Electric plc","Industrials","Electrical Equipment & Parts","United Kingdom",27484.39,57.15,169.95,1.93%,1703908
1686,"NVTS","Navitas Semiconductor Corp","Technology","Semiconductors","USA",4253.58,,18.20,15.26%,34942982
1687,"NWBI","Northwest Bancshares Inc","Financial","Banks - Regional","USA",2032.31,14.75,13.89,0.43%,757448
1688,"NWG","NatWest Group Plc ADR","Financial","Banks - Regional","United Kingdom",62993.27,8.47,15.83,2.99%,3365724
1689,"NWL","Newell Brands Inc","Consumer Defensive","Household & Personal Products","USA",1929.05,,4.54,2.02%,5841325
1690,"NWS","News Corp","Communication Services","Entertainment","USA",15800.62,41.82,31.31,1.49%,2393654
1691,"NWSA","News Corp","Communication Services","Entertainment","USA",15800.62,36.09,27.02,-0.07%,8656943
1692,"NXDR","Nextdoor Holdings Inc","Communication Services","Internet Content & Information","USA",762.82,,2.02,5.21%,6930669
1693,"NXE","NexGen Energy Ltd","Energy","Uranium","Canada",8025.39,,12.14,-1.94%,5136012
1694,"NXPI","NXP Semiconductors NV","Technology","Semiconductors","Netherlands",74415.85,28.20,294.75,1.56%,6908850
1695,"NXT","Nextpower Inc","Technology","Solar","USA",18694.59,32.17,125.91,4.18%,1694935
1696,"NXTT","Next Technology Holding Inc","Technology","Software - Application","China",112.87,0.33,1.48,-2.63%,63385
1697,"NXXT","NextNRG Inc","Utilities","Utilities - Renewable","USA",53.58,,0.34,-2.70%,993468
1698,"NYT","New York Times Co","Communication Services","Publishing","USA",12857.83,34.11,79.41,-0.96%,1839520
1699,"O","Realty Income Corp","Real Estate","REIT - Retail","USA",57737.30,50.88,61.92,0.21%,7270804
1700,"OBAI","Our Bond Inc","Technology","Software - Infrastructure","USA",12.28,,0.59,9.61%,467542
1701,"OBDC","Blue Owl Capital Corp","Financial","Asset Management","USA",5633.07,16.09,11.35,-0.35%,4313403
1702,"OBE","Obsidian Energy Ltd","Energy","Oil & Gas E&P","Canada",836.66,,12.43,-2.66%,800269
1703,"OC","Owens Corning","Industrials","Building Products & Equipment","USA",9797.88,,121.67,-0.11%,993085
1704,"OCGN","Ocugen Inc","Healthcare","Biotechnology","USA",511.16,,1.51,4.86%,10152531
1705,"OCUL","Ocular Therapeutix Inc","Healthcare","Biotechnology","USA",2112.97,,9.65,-0.31%,2097014
1706,"ODD","ODDITY Tech Ltd","Consumer Defensive","Household & Personal Products","Israel",837.95,8.23,14.79,-0.67%,872169
1707,"ODFL","Old Dominion Freight Line Inc","Industrials","Trucking","USA",41246.35,41.47,198.33,0.14%,1411176
1708,"ODV","Osisko Development Corp","Basic Materials","Gold","Canada",999.09,,3.28,-0.61%,1438714
1709,"OEF","iShares S&P 100 Fund","Financial","Exchange Traded Fund","USA",,,367.38,0.98%,290859
1710,"OGE","Oge Energy Corp","Utilities","Utilities - Regulated Electric","USA",9771.82,20.99,47.35,0.04%,1150769
1711,"OGN","Organon & Co","Healthcare","Drug Manufacturers - General","USA",3505.72,14.22,13.35,0.23%,6777683
1712,"OHI","Omega Healthcare Investors Inc","Real Estate","REIT - Healthcare Facilities","USA",14053.28,22.87,47.19,2.30%,1819844
1713,"OI","O-I Glass Inc","Consumer Cyclical","Packaging & Containers","USA",1424.15,,9.29,3.11%,1924839
1714,"OII","Oceaneering International Inc","Energy","Oil & Gas Equipment & Services","USA",3644.67,10.86,36.54,-0.11%,1058904
1715,"OIS","Oil States International Inc","Energy","Oil & Gas Equipment & Services","USA",521.27,,8.66,-2.70%,670128
1716,"OKE","Oneok Inc","Energy","Oil & Gas Midstream","USA",53653.60,15.21,85.16,-0.83%,4063743
1717,"OKLL","Defiance Daily Target 2x Long OKLO ETF","Financial","Exchange Traded Fund","USA",,,11.00,1.66%,13932692
1718,"OKLO","Oklo Inc","Utilities","Utilities - Independent Power Producers","USA",12585.47,,72.51,0.95%,10013604
1719,"OKTA","Okta Inc","Technology","Software - Infrastructure","USA",14840.90,64.19,83.90,3.73%,3746200
1720,"OLB","OLB Group Inc","Technology","Software - Infrastructure","USA",6.05,,0.48,-2.02%,403997
1721,"OLLI","Ollies Bargain Outlet Holdings Inc","Consumer Defensive","Discount Stores","USA",5011.21,21.10,82.21,0.54%,1132617
1722,"OLMA","Olema Pharmaceuticals Inc","Healthcare","Biotechnology","USA",1298.64,,14.90,-1.52%,592427
1723,"OLN","Olin Corp","Basic Materials","Chemicals","USA",3055.92,,26.84,0.30%,2869582
1724,"OLPX","Olaplex Holdings Inc","Consumer Cyclical","Specialty Retail","USA",1367.61,,2.04,-0.25%,1977814
1725,"OMC","Omnicom Group Inc","Communication Services","Advertising Agencies","USA",21962.58,192.79,77.06,0.18%,2838364
1726,"OMDA","Omada Health Inc","Healthcare","Health Information Services","USA",873.27,,14.82,-9.63%,3233551
1727,"OMER","Omeros Corp","Healthcare","Biotechnology","USA",1017.31,,14.13,-3.48%,863194
1728,"OMEX","Odyssey Marine Exploration Inc","Basic Materials","Other Industrial Metals & Mining","USA",71.21,,1.22,-3.94%,1495075
1729,"OMF","OneMain Holdings Inc","Financial","Credit Services","USA",6480.13,8.35,56.09,0.72%,1449494
1730,"ON","ON Semiconductor Corp","Technology","Semiconductors","USA",40444.41,73.56,103.20,2.57%,10763055
1731,"ONB","Old National Bancorp","Financial","Banks - Regional","USA",9388.86,12.59,24.30,0.52%,2174750
1732,"ONCO","Onconetix Inc","Healthcare","Biotechnology","USA",0.26,,0.38,-5.94%,852275
1733,"ONCY","Oncolytics Biotech Inc","Healthcare","Biotechnology","USA",103.34,,0.89,-1.12%,633785
1734,"ONDG","Leverage Shares 2X Long ONDS Daily ETF","Financial","Exchange Traded Fund","USA",,,5.01,3.94%,497705
1735,"ONDL","Defiance Daily Target 2X Long ONDS ETF","Financial","Exchange Traded Fund","USA",,,13.91,3.42%,952536
1736,"ONDS","Ondas Inc","Technology","Communication Equipment","USA",4395.40,,9.06,1.91%,34077950
1737,"ONEG","OneConstruction Group Ltd","Industrials","Engineering & Construction","Hong Kong",22.40,,1.40,8.53%,3740783
1738,"ONFO","Onfolio Holdings Inc","Communication Services","Internet Content & Information","USA",6.68,,1.14,1.79%,157443
1739,"ONMD","OneMedNet Corp","Healthcare","Health Information Services","USA",56.03,,1.02,4.34%,201539
1740,"ONON","On Holding AG","Consumer Cyclical","Footwear & Accessories","Switzerland",11664.35,47.45,35.24,-1.15%,6087120
1741,"OPCH","Option Care Health Inc","Healthcare","Medical Care Facilities","USA",3220.63,16.05,20.51,-1.16%,4304651
1742,"OPEN","Opendoor Technologies Inc","Real Estate","Real Estate Services","USA",4833.33,,5.01,-5.83%,53820615
1743,"OPK","Opko Health Inc","Healthcare","Diagnostics & Research","USA",860.81,,1.14,1.79%,1942294
1744,"OPTT","Ocean Power Technologies","Industrials","Specialty Industrial Machinery","USA",79.69,,0.35,-0.65%,2522973
1745,"OPTU","Optimum Communications Inc","Communication Services","Telecom Services","USA",531.59,,1.13,-4.24%,4994519
1746,"OR","OR Royalties Inc","Basic Materials","Gold","Canada",7201.44,28.61,38.42,2.51%,975368
1747,"ORBS","Eightco Holdings Inc","Consumer Cyclical","Packaging & Containers","USA",327.26,,0.87,6.56%,13903250
1748,"ORC","Orchid Island Capital Inc","Real Estate","REIT - Mortgage","USA",1414.94,9.37,7.05,1.44%,5877779
1749,"ORCL","Oracle Corp","Technology","Software - Infrastructure","USA",563561.19,35.18,195.95,0.70%,21158376
1750,"ORCU","Direxion Daily ORCL Bull 2X ETF","Financial","Exchange Traded Fund","USA",,,16.20,1.63%,1396373
1751,"ORCX","Defiance Daily Target 2X Long ORCL ETF","Financial","Exchange Traded Fund","USA",,,45.23,1.32%,2458398
1752,"ORGO","Organogenesis Holdings Inc","Healthcare","Drug Manufacturers - Specialty & Generic","USA",304.96,,2.37,-6.32%,2965273
1753,"ORI","Old Republic International Corp","Financial","Insurance - Property & Casualty","USA",9533.38,9.64,39.26,-0.56%,1150389
1754,"ORIC","ORIC Pharmaceuticals Inc","Healthcare","Biotechnology","USA",916.13,,8.85,0.45%,1258170
1755,"ORKA","Oruka Therapeutics Inc","Healthcare","Biotechnology","USA",3866.16,,64.59,0.81%,942664
1756,"ORLA","Orla Mining Ltd","Basic Materials","Gold","Canada",5197.37,58.50,15.04,5.32%,2986985
1757,"ORLY","O'Reilly Automotive Inc","Consumer Cyclical","Auto Parts","USA",77779.59,30.37,92.96,-1.71%,6340974
1758,"OSCR","Oscar Health Inc","Healthcare","Healthcare Plans","USA",6416.89,,21.31,2.11%,9237559
1759,"OSRH","OSR Holdings Inc","Healthcare","Biotechnology","USA",18.90,,0.57,-17.45%,2785783
1760,"OSS","One Stop Systems Inc","Technology","Computer Hardware","USA",388.38,62.42,15.68,3.84%,2652433
1761,"OSW","OneSpaWorld Holdings Limited","Consumer Cyclical","Leisure","Bahamas",2519.60,32.93,24.82,0.98%,666186
1762,"OTEX","Open Text Corp","Technology","Software - Application","Canada",6194.83,12.07,24.72,4.35%,5153513
1763,"OTF","Blue Owl Technology Finance Corp","Financial","Asset Management","USA",5052.05,12.09,10.92,-1.00%,2144575
1764,"OTIS","Otis Worldwide Corp","Industrials","Specialty Industrial Machinery","USA",28709.64,19.83,74.82,-3.42%,8748447
1765,"OTLK","Outlook Therapeutics Inc","Healthcare","Biotechnology","USA",26.72,,0.22,2.60%,3233782
1766,"OUNZ","VanEck Merk Gold ETF","Financial","Exchange Traded Fund","USA",,,45.43,0.44%,346339
1767,"OUST","Ouster Inc","Technology","Electronic Components","USA",1604.56,,25.20,2.82%,3848682
1768,"OUT","Outfront Media Inc","Real Estate","REIT - Specialty","USA",5968.15,32.72,33.90,3.32%,2272293
1769,"OVID","Ovid Therapeutics Inc","Healthcare","Biotechnology","USA",484.50,,2.80,2.56%,1516148
1770,"OVV","Ovintiv Inc","Energy","Oil & Gas E&P","USA",16385.29,11.86,57.83,-0.82%,4801820
1771,"OWL","Blue Owl Capital Inc","Financial","Asset Management","USA",16463.57,129.10,10.56,2.03%,20238727
1772,"OXLC","Oxford Lane Capital Corp","Financial","Closed-End Fund - Debt","USA",993.57,200.00,10.18,0.00%,544928
1773,"OXSQ","Oxford Square Capital Corp","Financial","Asset Management","USA",170.22,,1.82,-2.15%,2001441
1774,"OXY","Occidental Petroleum Corp","Energy","Oil & Gas E&P","USA",52745.48,60.52,53.03,-1.69%,12962067
1775,"OZK","Bank OZK","Financial","Banks - Regional","USA",5501.45,7.90,48.50,0.35%,781490
1776,"P","Everpure Inc","Technology","Computer Hardware","USA",25828.83,143.47,78.16,2.77%,3431647
1777,"PAA","Plains All American Pipeline LP","Energy","Oil & Gas Midstream","USA",15324.15,16.26,21.72,-1.67%,5929962
1778,"PAAA","PGIM AAA CLO ETF","Financial","Exchange Traded Fund","USA",,,51.38,0.06%,977680
1779,"PAAS","Pan American Silver Corp","Basic Materials","Gold","Canada",24949.98,18.95,59.14,2.30%,5956808
1780,"PACB","Pacific Biosciences of California Inc","Healthcare","Medical Devices","USA",425.82,,1.41,-14.55%,9870271
1781,"PAGP","Plains GP Holdings LP","Energy","Oil & Gas Midstream","USA",17667.05,25.15,23.19,-1.86%,2664594
1782,"PAGS","PagSeguro Digital Ltd","Technology","Software - Infrastructure","Brazil",2936.00,7.92,10.09,-0.30%,2189170
1783,"PALI","Palisade Bio Inc","Healthcare","Biotechnology","USA",301.36,,1.80,-9.55%,3037699
1784,"PANW","Palo Alto Networks Inc","Technology","Software - Infrastructure","USA",169630.08,115.03,207.88,5.78%,11641798
1785,"PAPL","Pineapple Financial Inc","Financial","Mortgage Finance","Canada",29.48,,1.13,0.89%,334034
1786,"PAR","Par Technology Corp","Technology","Software - Application","USA",593.95,,14.40,-3.94%,2266703
1787,"PARR","Par Pacific Holdings Inc","Energy","Oil & Gas Refining & Marketing","USA",3227.79,7.19,64.37,3.41%,1084387
1788,"PATH","UiPath Inc","Technology","Software - Infrastructure","USA",5653.12,20.66,10.79,-1.28%,24799513
1789,"PAVE","Global X U.S. Infrastructure Development ETF","Financial","Exchange Traded Fund","USA",,,56.79,-0.04%,1090087
1790,"PAVS","Paranovus Entertainment Technology Ltd","Consumer Defensive","Packaged Foods","USA",1.30,,1.24,-1.59%,37797
1791,"PAYC","Paycom Software Inc","Technology","Software - Application","USA",6519.32,15.82,136.87,-1.13%,1190727
1792,"PAYO","Payoneer Global Inc","Technology","Software - Infrastructure","USA",1727.46,26.22,5.16,1.98%,8387927
1793,"PAYP","PayPay Corp ADR","Technology","Software - Infrastructure","Japan",13111.64,,19.61,1.76%,1295841
1794,"PAYX","Paychex Inc","Technology","Software - Application","USA",33654.26,20.71,93.93,-0.35%,2446658
1795,"PB","Prosperity Bancshares Inc","Financial","Banks - Regional","USA",6983.81,12.55,69.26,-0.23%,602957
1796,"PBA","Pembina Pipeline Corp","Energy","Oil & Gas Midstream","Canada",26573.84,23.70,45.72,1.69%,1033354
1797,"PBF","PBF Energy Inc","Energy","Oil & Gas Refining & Marketing","USA",4816.34,10.94,40.71,0.30%,5782768
1798,"PBI","Pitney Bowes Inc","Industrials","Integrated Freight & Logistics","USA",2126.43,15.18,15.70,0.77%,3086111
1799,"PBM","Psyence Biomedical Ltd","Healthcare","Biotechnology","USA",1.68,,5.59,-7.14%,134639
1800,"PBR","Petroleo Brasileiro SA Petrobras ADR","Energy","Oil & Gas Integrated","Brazil",75650.17,6.68,20.33,-0.20%,14622581
1801,"PBR-A","Petroleo Brasileiro SA Petrobras ADR","Energy","Oil & Gas Integrated","Brazil",50843.08,6.14,18.67,-0.48%,4690724
1802,"PCAR","Paccar Inc","Industrials","Farm & Heavy Construction Machinery","USA",60159.78,24.33,114.31,0.23%,2028856
1803,"PCG","PG&E Corp","Utilities","Utilities - Regulated Electric","USA",35389.67,12.59,16.07,-0.74%,15330321
1804,"PCOR","Procore Technologies Inc","Technology","Software - Application","USA",8039.43,,53.28,-0.43%,2777768
1805,"PCT","PureCycle Technologies Inc","Industrials","Pollution & Treatment Controls","USA",1723.63,,9.53,6.60%,5058520
1806,"PCVX","Vaxcyte Inc","Healthcare","Biotechnology","USA",7654.52,,53.01,2.97%,1917190
1807,"PD","Pagerduty Inc","Technology","Software - Application","USA",619.50,3.96,7.29,-1.62%,1912939
1808,"PDBC","Invesco Optimum Yield Diversified Commodity Strategy No K-1 ETF","Financial","Exchange Traded Fund","USA",,,18.07,0.11%,6581364
1809,"PDD","PDD Holdings Inc ADR","Consumer Cyclical","Internet Retail","China",140603.45,10.60,98.78,-2.69%,6679113
1810,"PDI","PIMCO Dynamic Income Fund","Financial","Closed-End Fund - Debt","USA",7743.08,8.60,17.71,0.06%,2920501
1811,"PDM","Piedmont Realty Trust Inc","Real Estate","REIT - Office","USA",1060.16,,8.48,-0.12%,712524
1812,"PDYN","Palladyne AI Corp","Technology","Software - Infrastructure","USA",288.66,,6.11,-0.65%,1139873
1813,"PEB","Pebblebrook Hotel Trust","Real Estate","REIT - Hotel & Motel","USA",1668.80,,14.72,1.38%,1324850
1814,"PEG","Public Service Enterprise Group Inc","Utilities","Utilities - Regulated Electric","USA",38435.53,17.06,77.13,-0.90%,3509826
1815,"PEGA","Pegasystems Inc","Technology","Software - Application","USA",6012.00,19.37,35.97,-2.06%,1622521
1816,"PENG","Penguin Solutions Inc","Technology","Information Technology Services","USA",2244.56,63185.71,44.23,13.47%,4392971
1817,"PENN","PENN Entertainment Inc","Consumer Cyclical","Resorts & Casinos","USA",2233.91,,16.74,-0.18%,2200232
1818,"PEP","PepsiCo Inc","Consumer Defensive","Beverages - Non-Alcoholic","USA",211329.73,24.28,154.62,-1.07%,4934779
1819,"PEPG","PepGen Inc","Healthcare","Biotechnology","USA",121.64,,1.76,-1.68%,698752
1820,"PFE","Pfizer Inc","Healthcare","Drug Manufacturers - General","USA",146361.72,19.69,25.68,-3.02%,38903455
1821,"PFF","iShares Trust iShares Preferred and Income Securities ETF","Financial","Exchange Traded Fund","USA",,,31.72,0.63%,2586519
1822,"PFFA","Virtus InfraCap U.S. Preferred Stock ETF","Financial","Exchange Traded Fund","USA",,,21.84,0.69%,772423
1823,"PFG","Principal Financial Group Inc","Financial","Asset Management","USA",21709.25,14.37,100.50,0.47%,1022137
1824,"PFGC","Performance Food Group Company","Consumer Defensive","Food Distribution","USA",14628.21,44.44,93.12,0.44%,2458047
1825,"PFLT","PennantPark Floating Rate Capital Ltd","Financial","Asset Management","USA",885.02,14.28,8.92,-0.56%,1798303
1826,"PFSA","Profusa Inc","Healthcare","Medical Devices","USA",2.27,,0.52,5.27%,279845
1827,"PG","Procter & Gamble Co","Consumer Defensive","Household & Personal Products","USA",340953.48,21.41,146.42,0.25%,5740978
1828,"PGEN","Precigen Inc","Healthcare","Biotechnology","USA",1490.04,,4.21,1.45%,4873575
1829,"PGNY","Progyny Inc","Healthcare","Healthcare Plans","USA",1857.96,30.81,23.72,23.80%,4411517
1830,"PGR","Progressive Corp","Financial","Insurance - Property & Casualty","USA",113361.27,9.86,194.00,-0.89%,3309000
1831,"PGX","Invesco Preferred ETF","Financial","Exchange Traded Fund","USA",,,11.19,0.27%,808924
1832,"PGY","Pagaya Technologies Ltd","Technology","Software - Infrastructure","USA",1253.58,15.15,15.19,-2.00%,6044598
1833,"PHAT","Phathom Pharmaceuticals Inc","Healthcare","Biotechnology","USA",969.83,,12.16,-0.57%,628931
1834,"PHG","Koninklijke Philips NV ADR","Healthcare","Medical Devices","Netherlands",25884.60,23.34,27.21,0.18%,907861
1835,"PHIO","Phio Pharmaceuticals Corp","Healthcare","Biotechnology","USA",12.43,,1.07,-6.14%,324303
1836,"PHM","PulteGroup Inc","Consumer Cyclical","Residential Construction","USA",22391.67,11.36,117.55,0.62%,1313657
1837,"PHR","Phreesia Inc","Healthcare","Health Information Services","USA",617.96,293.93,10.17,3.46%,1274475
1838,"PHYS","Sprott Physical Gold Trust","Financial","Asset Management","Canada",16802.91,,35.80,0.56%,2875315
1839,"PII","Polaris Inc","Consumer Cyclical","Recreational Vehicles","USA",3881.91,,68.24,1.76%,694490
1840,"PINS","Pinterest Inc","Communication Services","Internet Content & Information","USA",11914.55,44.11,21.27,-1.30%,19162566
1841,"PK","Park Hotels & Resorts Inc","Real Estate","REIT - Hotel & Motel","USA",2279.42,,11.32,1.16%,4756871
1842,"PKG","Packaging Corp Of America","Consumer Cyclical","Packaging & Containers","USA",19994.79,27.32,224.59,0.52%,456234
1843,"PL","Planet Labs PBC","Industrials","Aerospace & Defense","USA",13513.66,,39.04,10.78%,12931734
1844,"PLAY","Dave & Buster's Entertainment Inc","Communication Services","Entertainment","USA",358.16,,10.31,-1.53%,1506489
1845,"PLBY","Playboy Inc","Consumer Cyclical","Leisure","USA",206.75,,1.80,7.78%,1197623
1846,"PLD","Prologis Inc","Real Estate","REIT - Industrial","USA",137178.15,36.29,144.09,1.27%,3267212
1847,"PLG","Platinum Group Metals Ltd","Basic Materials","Other Precious Metals & Mining","Canada",225.76,,1.78,2.30%,895970
1848,"PLNT","Planet Fitness Inc","Consumer Cyclical","Leisure","USA",3642.88,16.58,45.88,4.25%,7629791
1849,"PLTD","Direxion Dailly PLTR Bear 1X ETF","Financial","Exchange Traded Fund","USA",,,7.81,-0.38%,48306271
1850,"PLTK","Playtika Holding Corp","Communication Services","Electronic Gaming & Multimedia","Israel",1380.78,,3.63,0.83%,2254399
1851,"PLTR","Palantir Technologies Inc","Technology","Software - Infrastructure","USA",330349.64,155.25,137.80,0.55%,41745393
1852,"PLTU","Direxion Daily PLTR Bull 2X ETF","Financial","Exchange Traded Fund","USA",,,37.75,0.96%,3831244
1853,"PLTZ","Defiance Daily Target 2x Short PLTR ETF","Financial","Exchange Traded Fund","USA",,,30.03,-0.63%,343569
1854,"PLUG","Plug Power Inc","Industrials","Electrical Equipment & Parts","USA",4349.14,,3.12,-0.32%,45815735
1855,"PLX","Protalix BioTherapeutics Inc","Healthcare","Biotechnology","USA",156.31,,1.94,-2.02%,621179
1856,"PLYX","Polaryx Therapeutics Inc","Healthcare","Biotechnology","USA",173.26,,3.66,-4.19%,144630
1857,"PM","Philip Morris International Inc","Consumer Defensive","Tobacco","USA",266497.98,24.08,170.99,-0.07%,4631800
1858,"PMAX","Powell Max Ltd","Industrials","Specialty Business Services","Hong Kong",4.13,,3.98,-5.24%,6783480
1859,"PMI","Picard Medical Inc","Healthcare","Medical Devices","USA",15.66,,0.21,-5.70%,3844929
1860,"PMNT","Perfect Moment Ltd","Consumer Cyclical","Apparel Manufacturing","USA",11.82,,0.25,2.44%,405691
1861,"PMT","Pennymac Mortgage Investment Trust","Real Estate","REIT - Mortgage","USA",959.23,9.50,11.00,-0.72%,1240461
1862,"PN","Skycorp Solar Group Ltd","Technology","Solar","China",83.15,,5.81,-24.64%,529963
1863,"PNC","PNC Financial Services Group Inc","Financial","Banks - Regional","USA",87079.29,12.59,216.85,-1.11%,1619362
1864,"PNFP","Pinnacle Financial Partners Inc","Financial","Banks - Regional","USA",14791.85,13.56,97.89,-0.78%,882522
1865,"PNR","Pentair plc","Industrials","Specialty Industrial Machinery","United Kingdom",12414.54,18.86,76.82,-2.71%,1436122
1866,"PNW","Pinnacle West Capital Corp","Utilities","Utilities - Regulated Electric","USA",12027.83,18.52,99.25,-0.28%,1425838
1867,"PODD","Insulet Corp","Healthcare","Medical Devices","USA",10677.84,35.88,154.16,-3.89%,1737990
1868,"POET","POET Technologies Inc","Technology","Semiconductors","Canada",1674.06,,10.95,14.30%,72053317
1869,"POLA","Polar Power Inc","Industrials","Electrical Equipment & Parts","USA",6.88,,1.89,-1.05%,153575
1870,"POM","Pomdoctor Ltd ADR","Healthcare","Pharmaceutical Retailers","China",8.02,,0.08,-85.88%,21537185
1871,"PONY","Pony AI Inc ADR","Technology","Information Technology Services","China",3274.26,,9.29,-3.53%,5486784
1872,"POR","Portland General Electric Co","Utilities","Utilities - Regulated Electric","USA",5614.06,21.66,48.51,-0.23%,1024950
1873,"PPC","Pilgrim's Pride Corp","Consumer Defensive","Packaged Foods","USA",6923.53,7.82,29.10,-4.28%,1805501
1874,"PPCB","Propanc Biopharma Inc","Healthcare","Biotechnology","Australia",1.94,,0.09,-4.73%,994082
1875,"PPG","PPG Industries Inc","Basic Materials","Specialty Chemicals","USA",24432.07,15.70,109.61,0.62%,1391613
1876,"PPL","PPL Corp","Utilities","Utilities - Regulated Electric","USA",27010.25,22.08,35.91,-2.34%,12294235
1877,"PPTA","Perpetua Resources Corp","Basic Materials","Other Precious Metals & Mining","USA",3742.24,,29.95,5.05%,1128203
1878,"PR","Permian Resources Holdings Inc","Energy","Oil & Gas E&P","USA",16611.45,22.95,19.72,-1.79%,14460008
1879,"PRCH","Porch Group Inc","Financial","Insurance - Property & Casualty","USA",1200.15,,10.97,-2.75%,2139874
1880,"PRCT","Procept BioRobotics Corp","Healthcare","Medical Devices","USA",1445.74,,25.40,-0.16%,1370366
1881,"PRGO","Perrigo Company plc","Healthcare","Drug Manufacturers - Specialty & Generic","Ireland",1620.29,,11.71,-0.09%,2450626
1882,"PRGS","Progress Software Corp","Technology","Software - Infrastructure","USA",1256.89,15.26,29.87,1.70%,421443
1883,"PRIM","Primoris Services Corp","Industrials","Engineering & Construction","USA",5685.92,23.15,104.80,-2.94%,3179736
1884,"PRKS","United Parks & Resorts Inc","Consumer Cyclical","Leisure","USA",1907.12,12.89,39.22,5.83%,2195097
1885,"PRM","Perimeter Solutions Inc","Basic Materials","Specialty Chemicals","USA",5182.55,,31.77,8.21%,2054738
1886,"PRMB","Primo Brands Corp","Consumer Defensive","Beverages - Non-Alcoholic","USA",8429.44,147.59,23.23,4.45%,9012841
1887,"PRME","Prime Medicine Inc","Healthcare","Biotechnology","USA",579.78,,3.21,3.05%,2446467
1888,"PROP","Prairie Operating Co","Energy","Oil & Gas E&P","USA",90.44,,0.93,-2.74%,3267388
1889,"PRSO","Peraso Inc","Technology","Semiconductors","USA",12.52,,0.99,5.24%,1210336
1890,"PRU","Prudential Financial Inc","Financial","Insurance - Life","USA",34981.07,10.36,100.81,1.38%,1775636
1891,"PS","Pershing Square Inc","Financial","Asset Management","USA",16648.00,,41.62,15.80%,936402
1892,"PSA","Public Storage","Real Estate","REIT - Industrial","USA",54601.75,32.10,311.04,0.55%,808408
1893,"PSEC","Prospect Capital Corp","Financial","Asset Management","USA",1201.63,,2.47,-10.18%,19276437
1894,"PSKY","Paramount Skydance Corp","Communication Services","Entertainment","USA",12411.63,,11.09,3.07%,8164928
1895,"PSLV","Sprott Physical Silver Trust","Financial","Asset Management","Canada",15225.24,,26.21,2.46%,7454959
1896,"PSN","Parsons Corp","Technology","Information Technology Services","USA",5261.20,23.53,49.18,-3.98%,1134657
1897,"PSNL","Personalis Inc","Healthcare","Diagnostics & Research","USA",626.23,,5.98,-0.17%,2726776
1898,"PSO","Pearson plc ADR","Communication Services","Publishing","United Kingdom",8955.53,22.44,14.86,-1.39%,932445
1899,"PSQ","ProShares Short QQQ -1x Shares","Financial","Exchange Traded Fund","USA",,,26.21,-2.24%,6120976
1900,"PSUS","Pershing Square USA Ltd","Financial","Closed-End Fund - Equity","USA",4192.00,,41.92,-0.97%,1055256
1901,"PSX","Phillips 66","Energy","Oil & Gas Refining & Marketing","USA",68784.41,16.88,171.56,1.93%,2917678
1902,"PTC","PTC Inc","Technology","Software - Application","USA",16938.92,13.99,146.65,-0.68%,1225928
1903,"PTCT","PTC Therapeutics Inc","Healthcare","Biotechnology","USA",6112.54,,73.69,14.27%,5836405
1904,"PTEN","Patterson-UTI Energy Inc","Energy","Oil & Gas Drilling","USA",4335.23,,11.42,0.09%,5328055
1905,"PTIR","GraniteShares 2x Long PLTR Daily ETF","Financial","Exchange Traded Fund","USA",,,13.93,1.02%,3939615
1906,"PTLO","Portillos Inc","Consumer Cyclical","Restaurants","USA",325.96,19.42,4.30,-1.38%,2244430
1907,"PTON","Peloton Interactive Inc","Consumer Cyclical","Leisure","USA",2421.03,126.73,5.69,0.53%,16939536
1908,"PTY","PIMCO Corporate & Income Opportunity Fund","Financial","Closed-End Fund - Debt","USA",2607.38,10.51,12.30,-0.40%,940223
1909,"PULS","PGIM Ultra Short Bond ETF","Financial","Exchange Traded Fund","USA",,,49.62,0.02%,1796106
1910,"PUMP","ProPetro Holding Corp","Energy","Oil & Gas Equipment & Services","USA",1922.63,,15.68,0.84%,3773760
1911,"PURR","Hyperliquid Strategies Inc","Financial","Capital Markets","USA",831.82,,6.71,2.44%,6676069
1912,"PVAL","Putnam Focused Large Cap Value ETF","Financial","Exchange Traded Fund","USA",,,49.33,0.24%,950311
1913,"PVH","PVH Corp","Consumer Cyclical","Apparel Manufacturing","USA",4099.22,237.16,89.48,0.97%,773350
1914,"PWR","Quanta Services Inc","Industrials","Engineering & Construction","USA",111794.81,102.21,745.00,-0.76%,1241746
1915,"PYLD","PIMCO Multisector Bond Active ETF","Financial","Exchange Traded Fund","USA",,,26.47,0.19%,3954290
1916,"PYPG","Leverage Shares 2X Long PYPL Daily ETF","Financial","Exchange Traded Fund","USA",,,5.81,-3.81%,493369
1917,"PYPL","PayPal Holdings Inc","Financial","Credit Services","USA",40021.13,8.51,45.37,-1.84%,14073749
1918,"PZA","Invesco National AMT-Free Municipal Bond ETF","Financial","Exchange Traded Fund","USA",,,23.33,0.04%,692262
1919,"PZG","Paramount Gold Nevada Corp","Basic Materials","Gold","USA",120.69,,1.44,-1.37%,330698
1920,"PZZA","Papa John's International Inc","Consumer Cyclical","Restaurants","USA",1024.57,37.39,31.14,-5.21%,1491297
1921,"Q","Qnity Electronics Inc","Technology","Semiconductor Equipment & Materials","USA",30877.78,44.59,147.33,2.60%,2008424
1922,"QBTS","D-Wave Quantum Inc","Technology","Computer Hardware","USA",8360.52,,22.57,2.64%,20169000
1923,"QBTX","Tradr 2X Long QBTS Daily ETF","Financial","Exchange Traded Fund","USA",,,16.78,4.09%,1087458
1924,"QCOM","Qualcomm Inc","Technology","Semiconductors","USA",230920.86,23.83,219.09,8.17%,37849999
1925,"QDEL","QuidelOrtho Corp","Healthcare","Medical Devices","USA",736.46,,10.80,0.28%,2148331
1926,"QFIN","Qfin Holdings Inc ADR","Financial","Credit Services","China",1603.12,2.15,13.15,-0.45%,649529
1927,"QGEN","Qiagen NV","Healthcare","Diagnostics & Research","Netherlands",6808.71,17.07,33.04,-1.40%,1657803
1928,"QID","ProShares UltraShort QQQ -2x Shares","Financial","Exchange Traded Fund","USA",,,14.92,-4.48%,26029875
1929,"QLD","ProShares Ultra QQQ 2x Shares","Financial","Exchange Traded Fund","USA",,,91.72,4.63%,3645259
1930,"QLEP-U","Quantum Leap Acquisition Corp","Financial","Shell Companies","USA",206.15,,10.01,0.00%,289851
1931,"QNCX","Quince Therapeutics Inc","Healthcare","Biotechnology","USA",20.87,,1.28,-1.54%,1246699
1932,"QQQ","Invesco QQQ Trust Series 1","Financial","Exchange Traded Fund","USA",,,711.23,2.34%,44320421
1933,"QQQI","NEOS Nasdaq 100 High Income ETF","Financial","Exchange Traded Fund","USA",,,56.50,1.42%,5244400
1934,"QQQM","Invesco NASDAQ 100 ETF","Financial","Exchange Traded Fund","USA",,,292.82,2.34%,3708897
1935,"QRVO","Qorvo Inc","Technology","Semiconductors","USA",8392.65,24.99,90.53,1.75%,1091951
1936,"QS","QuantumScape Corp","Consumer Cyclical","Auto Parts","USA",4638.19,,7.54,2.59%,17595289
1937,"QSI","Quantum-Si Incorporated","Healthcare","Medical Devices","USA",196.16,,0.91,-7.55%,13192853
1938,"QSR","Restaurant Brands International Inc","Consumer Cyclical","Restaurants","USA",36336.66,31.72,79.71,0.72%,4160031
1939,"QTWO","Q2 Holdings Inc","Technology","Software - Application","USA",3138.16,45.12,50.13,-1.10%,931440
1940,"QUAL","iShares MSCI USA Quality Factor ETF","Financial","Exchange Traded Fund","USA",,,210.43,0.46%,1151478
1941,"QUBT","Quantum Computing Inc","Technology","Computer Hardware","USA",2165.01,,9.60,-0.31%,12800958
1942,"QURE","uniQure NV","Healthcare","Biotechnology","Netherlands",1703.96,,27.66,14.53%,6719188
1943,"QVCGA","QVC Group Inc","Consumer Cyclical","Internet Retail","USA",1.87,,0.34,0.00%,0
1944,"QXO","QXO Inc","Industrials","Industrial Distribution","USA",13599.65,,18.76,0.00%,14330752
1945,"QYLD","Global X NASDAQ 100 Covered Call ETF","Financial","Exchange Traded Fund","USA",,,18.13,0.17%,2588254
1946,"RAL","Ralliant Corp","Technology","Electronic Components","USA",5286.44,,47.23,2.94%,1690390
1947,"RANI","Rani Therapeutics Holdings Inc","Healthcare","Biotechnology","USA",119.51,,0.97,3.71%,402291
1948,"RARE","Ultragenyx Pharmaceutical Inc","Healthcare","Biotechnology","USA",2572.54,,26.12,-0.04%,1557063
1949,"RBA","RB Global Inc","Industrials","Specialty Business Services","USA",19241.06,47.86,103.28,-0.15%,853989
1950,"RBLX","Roblox Corp","Communication Services","Electronic Gaming & Multimedia","USA",30006.67,,41.91,-6.41%,17103405
1951,"RBNE","Robin Energy Ltd","Energy","Oil & Gas Midstream","Cyprus",9.92,,1.31,-7.09%,351126
1952,"RBRK","Rubrik Inc","Technology","Software - Infrastructure","USA",12830.17,,62.34,1.38%,3629828
1953,"RC","Ready Capital Corp","Real Estate","REIT - Mortgage","USA",312.26,,1.89,-12.50%,2189342
1954,"RCAT","Red Cat Holdings Inc","Industrials","Aerospace & Defense","USA",1272.84,,10.37,0.10%,8728409
1955,"RCI","Rogers Communications Inc","Communication Services","Telecom Services","Canada",19934.49,3.91,36.90,0.90%,673113
1956,"RCKT","Rocket Pharmaceuticals Inc","Healthcare","Biotechnology","USA",396.37,,3.63,-1.09%,3687932
1957,"RCL","Royal Caribbean Group","Consumer Cyclical","Travel Services","USA",73817.98,16.80,275.24,-2.00%,2295604
1958,"RCT","RedCloud Holdings PLC","Technology","Software - Application","United Kingdom",29.46,,0.67,-3.89%,219182
1959,"RCUS","Arcus Biosciences Inc","Healthcare","Biotechnology","USA",3189.61,,25.36,2.34%,967769
1960,"RDDT","Reddit Inc","Communication Services","Internet Content & Information","USA",29992.91,44.18,155.80,-4.97%,5778960
1961,"RDN","Radian Group Inc","Financial","Insurance - Specialty","USA",5131.50,9.36,38.06,1.17%,1472859
1962,"RDVY","First Trust Rising Dividend Achievers ETF","Financial","Exchange Traded Fund","USA",,,74.59,0.31%,666848
1963,"RDW","Redwire Corp","Industrials","Aerospace & Defense","USA",2202.03,,11.07,20.33%,56024007
1964,"RDY","Dr. Reddy's Laboratories Ltd ADR","Healthcare","Drug Manufacturers - Specialty & Generic","India",11012.78,16.98,13.23,-1.49%,2537162
1965,"REA","Rare Earths Americas Inc","Basic Materials","Other Industrial Metals & Mining","USA",454.31,,23.43,3.26%,1137231
1966,"REAL","Therealreal Inc","Consumer Cyclical","Luxury Goods","USA",1236.20,,10.26,-17.26%,14368566
1967,"REAX","The Real Brokerage Inc","Real Estate","Real Estate Services","USA",435.54,,2.04,-8.52%,5732575
1968,"RECT","Rectitude Holdings Ltd","Consumer Cyclical","Specialty Retail","Singapore",19.86,9.15,1.37,-2.14%,19247
1969,"REET","iShares Global REIT ETF","Financial","Exchange Traded Fund","USA",,,27.41,0.37%,2550915
1970,"REG","Regency Centers Corp","Real Estate","REIT - Retail","USA",14206.48,26.62,77.59,-0.35%,1689179
1971,"REI","Ring Energy Inc","Energy","Oil & Gas E&P","USA",337.15,,1.61,-2.42%,2917452
1972,"REKR","Rekor Systems Inc","Technology","Software - Infrastructure","USA",119.23,,0.87,1.63%,2418002
1973,"RELX","RELX Plc ADR","Industrials","Specialty Business Services","United Kingdom",59625.99,22.72,33.58,-1.70%,2007711
1974,"RELY","Remitly Global Inc","Technology","Software - Infrastructure","USA",5059.78,49.27,24.03,5.44%,12434016
1975,"REMX","VanEck Rare Earth/Strategic Metals ETF","Financial","Exchange Traded Fund","USA",,,106.38,-0.17%,1202483
1976,"RENX","RenX Enterprises Corp","Real Estate","Real Estate - Development","USA",5.09,,2.03,-7.73%,117275
1977,"REPL","Replimune Group Inc","Healthcare","Biotechnology","USA",336.07,,4.07,21.86%,15126250
1978,"RERE","ATRenew Inc ADR","Consumer Cyclical","Internet Retail","China",628.30,24.74,4.77,6.00%,892981
1979,"RES","RPC Inc","Energy","Oil & Gas Equipment & Services","USA",1507.15,72.49,6.80,-4.63%,5082193
1980,"RETO","ReTo Eco-Solutions Inc","Basic Materials","Building Materials","China",7.45,,0.62,-4.32%,21850
1981,"REXR","Rexford Industrial Realty Inc","Real Estate","REIT - Industrial","USA",8186.80,38.58,36.27,0.50%,999568
1982,"REYN","Reynolds Consumer Products Inc","Consumer Cyclical","Packaging & Containers","USA",4611.59,14.01,21.88,-0.18%,1117111
1983,"REZI","Resideo Technologies Inc","Industrials","Industrial Distribution","USA",6018.99,,39.75,-1.36%,1021740
1984,"RF","Regions Financial Corp","Financial","Banks - Regional","USA",23578.88,11.46,27.63,-1.14%,16008726
1985,"RGLD","Royal Gold Inc","Basic Materials","Gold","USA",20275.48,28.43,238.91,2.68%,856432
1986,"RGTI","Rigetti Computing Inc","Technology","Computer Hardware","USA",6290.93,,18.94,3.27%,18261122
1987,"RGTX","Defiance Daily Target 2X Long RGTI ETF","Financial","Exchange Traded Fund","USA",,,23.82,7.01%,546005
1988,"RGTZ","Defiance Daily Target 2x Short RGTI ETF","Financial","Exchange Traded Fund","USA",,,10.84,-6.63%,2101810
1989,"RH","RH","Consumer Cyclical","Specialty Retail","USA",2521.76,21.20,133.89,0.18%,582407
1990,"RHI","Robert Half Inc","Industrials","Staffing & Employment Services","USA",2765.00,20.90,27.03,-1.35%,1812755
1991,"RIG","Transocean Ltd","Energy","Oil & Gas Drilling","Switzerland",7145.22,,6.40,3.73%,31209480
1992,"RIME","Algorhythm Holdings Inc","Technology","Consumer Electronics","USA",8.98,,0.61,-19.38%,1708227
1993,"RIO","Rio Tinto plc ADR","Basic Materials","Other Industrial Metals & Mining","United Kingdom",132203.42,17.29,105.38,2.20%,2212947
1994,"RIOT","Riot Platforms Inc","Financial","Capital Markets","USA",9105.88,,24.08,-0.12%,17796285
1995,"RITM","Rithm Capital Corp","Real Estate","REIT - Mortgage","USA",5493.74,9.00,9.84,0.51%,3594883
1996,"RITR","Reitar Logtech Holdings Ltd","Industrials","Engineering & Construction","Hong Kong",29.72,,0.48,-0.47%,48130
1997,"RIVN","Rivian Automotive Inc","Consumer Cyclical","Auto Manufacturers","USA",17923.14,,14.22,0.28%,31623074
1998,"RJF","Raymond James Financial Inc","Financial","Asset Management","USA",30076.30,14.59,154.33,0.52%,1351377
1999,"RKLB","Rocket Lab Corp","Industrials","Aerospace & Defense","USA",61040.87,,105.47,34.22%,79927310
2000,"RKLX","Defiance Daily Target 2X Long RKLB ETF","Financial","Exchange Traded Fund","USA",,,59.30,67.70%,9745274
2001,"RKLZ","Defiance Daily Target 2x Short RKLB ETF","Financial","Exchange Traded Fund","USA",,,4.05,-68.46%,38019054
2002,"RKT","Rocket Companies Inc","Financial","Mortgage Finance","USA",44242.90,265.93,15.69,10.88%,37253892
2003,"RLAY","Relay Therapeutics Inc","Healthcare","Biotechnology","USA",2444.64,,12.76,2.00%,1830600
2004,"RLJ","RLJ Lodging Trust","Real Estate","REIT - Hotel & Motel","USA",1366.67,,8.95,1.13%,4439397
2005,"RLMD","Relmada Therapeutics Inc","Healthcare","Biotechnology","USA",767.78,,7.32,-1.48%,830544
2006,"RLX","RLX Technology Inc ADR","Consumer Defensive","Tobacco","China",1907.60,20.98,2.10,-1.87%,1143915
2007,"RMBS","Rambus Inc","Technology","Semiconductors","USA",13976.16,61.43,129.24,2.09%,2254692
2008,"RMD","Resmed Inc","Healthcare","Medical Instruments & Supplies","USA",29991.86,19.93,206.76,-0.06%,993580
2009,"RMSG","Real Messenger Corp","Technology","Software - Application","USA",7.00,,1.38,-22.91%,1280286
2010,"RNG","RingCentral Inc","Technology","Software - Application","USA",3849.58,48.17,45.63,0.53%,4778245
2011,"ROBN","T-Rex 2X Long HOOD Daily Target ETF","Financial","Exchange Traded Fund","USA",,,19.64,1.66%,1477235
2012,"ROIV","Roivant Sciences Ltd","Healthcare","Biotechnology","United Kingdom",20440.42,,28.56,0.99%,5604940
2013,"ROKU","Roku Inc","Communication Services","Entertainment","USA",19116.50,97.41,129.53,2.26%,2049862
2014,"ROL","Rollins Inc","Consumer Cyclical","Personal Services","USA",25917.19,49.18,53.83,-1.03%,2407048
2015,"ROLR","High Roller Technologies Inc","Consumer Cyclical","Gambling","USA",77.86,19.99,7.15,-6.41%,249626
2016,"ROP","Roper Technologies Inc","Technology","Software - Application","USA",34646.95,21.45,343.32,-2.59%,1178504
2017,"ROST","Ross Stores Inc","Consumer Cyclical","Apparel Retail","USA",72744.28,34.12,225.81,0.59%,3666292
2018,"RPAY","Repay Holdings Corp","Technology","Software - Infrastructure","USA",311.83,,3.54,1.43%,579031
2019,"RPD","Rapid7 Inc","Technology","Software - Infrastructure","USA",461.13,20.07,6.90,2.83%,2316230
2020,"RPGL","Republic Power Group Ltd","Technology","Software - Application","Singapore",36.56,,0.83,-63.70%,19052973
2021,"RPRX","Royalty Pharma plc","Healthcare","Biotechnology","USA",29305.18,26.60,50.79,1.18%,3764598
2022,"RR","Richtech Robotics Inc","Industrials","Specialty Industrial Machinery","USA",590.29,,2.64,-1.49%,11604148
2023,"RRC","Range Resources Corp","Energy","Oil & Gas E&P","USA",9547.41,10.70,40.52,-0.83%,2061887
2024,"RRX","Regal Rexnord Corp","Industrials","Specialty Industrial Machinery","USA",14269.85,49.83,214.36,3.93%,1536015
2025,"RSG","Republic Services Inc","Industrials","Waste Management","USA",61797.42,28.68,200.02,-0.76%,2272925
2026,"RSI","Rush Street Interactive Inc","Consumer Cyclical","Gambling","USA",6455.07,86.74,27.74,-0.57%,1503895
2027,"RSP","Invesco S&P 500 Equal Weight ETF","Financial","Exchange Traded Fund","USA",,,204.10,0.28%,8492457
2028,"RTO","Rentokil Initial Plc ADR","Industrials","Specialty Business Services","United Kingdom",16797.86,35.98,33.40,-0.74%,1149579
2029,"RTX","RTX Corp","Industrials","Aerospace & Defense","USA",237137.47,33.00,176.09,-0.39%,6277455
2030,"RUM","Rumble Inc","Communication Services","Internet Content & Information","USA",3621.12,,8.32,11.38%,6614497
2031,"RUN","Sunrun Inc","Technology","Solar","USA",3485.20,6.83,14.61,5.87%,10012896
2032,"RVLV","Revolve Group Inc","Consumer Cyclical","Internet Retail","USA",1492.98,23.41,20.86,3.06%,1904804
2033,"RVMD","Revolution Medicines Inc","Healthcare","Biotechnology","USA",30148.30,,141.81,-0.49%,2514425
2034,"RVTY","Revvity Inc","Healthcare","Diagnostics & Research","USA",11292.14,47.84,101.00,2.18%,2442045
2035,"RWM","ProShares Short Russell2000 -1x Shares","Financial","Exchange Traded Fund","USA",,,14.20,-0.70%,13903476
2036,"RWT","Redwood Trust Inc","Real Estate","REIT - Mortgage","USA",697.45,,5.57,-0.18%,865586
2037,"RXO","RXO Inc","Industrials","Trucking","USA",3587.02,,21.75,-5.88%,3505423
2038,"RXRX","Recursion Pharmaceuticals Inc","Healthcare","Biotechnology","USA",1762.40,,3.32,1.53%,13648215
2039,"RXT","Rackspace Technology Inc","Technology","Software - Infrastructure","USA",1355.56,,5.49,55.97%,154114063
2040,"RY","Royal Bank Of Canada","Financial","Banks - Diversified","Canada",253736.09,17.35,181.68,0.18%,2304113
2041,"RYAAY","Ryanair Holdings Plc ADR","Industrials","Airlines","Ireland",30239.95,11.82,58.07,-2.11%,1160495
2042,"RYAM","Rayonier Advanced Materials Inc","Basic Materials","Chemicals","USA",617.74,,9.16,0.11%,1076482
2043,"RYAN","Ryan Specialty Holdings Inc","Financial","Insurance - Specialty","USA",8255.18,42.55,31.31,-1.26%,2644311
2044,"RYDE","Ryde Group Ltd","Technology","Software - Application","Singapore",125.29,,1.03,-8.85%,304552
2045,"RYN","Rayonier Inc","Real Estate","REIT - Specialty","USA",6203.98,49.30,20.42,0.05%,2963374
2046,"RZLT","Rezolute Inc","Healthcare","Biotechnology","USA",307.19,,3.21,3.88%,710494
2047,"RZLV","Rezolve AI Plc","Technology","Software - Infrastructure","United Kingdom",957.19,,2.40,0.42%,16091325
2048,"S","SentinelOne Inc","Technology","Software - Infrastructure","USA",5645.19,,16.59,4.21%,8219463
2049,"SABR","Sabre Corp","Technology","Software - Infrastructure","USA",814.35,1.91,2.06,-0.48%,10929079
2050,"SAFX","XCF Global Inc","Utilities","Utilities - Renewable","USA",124.81,0.92,0.42,2.73%,4017380
2051,"SAGT","Sagtec Global Ltd","Technology","Software - Application","Malaysia",19.45,11.65,1.55,-5.49%,135998
2052,"SAGU-U","Shreya Acquisition Group","Financial","Shell Companies","USA",99.90,,9.99,-0.10%,298104
2053,"SAIL","Sailpoint Inc","Technology","Software - Infrastructure","USA",6895.32,,12.23,0.33%,3478518
2054,"SAN","Banco Santander SA ADR","Financial","Banks - Diversified","Spain",180248.29,9.81,12.28,0.82%,5988938
2055,"SANA","Sana Biotechnology Inc","Healthcare","Biotechnology","USA",936.70,,3.51,0.29%,1635183
2056,"SAP","Sap SE ADR","Technology","Software - Application","Germany",202803.43,23.45,173.70,-0.58%,3705623
2057,"SARO","StandardAero Inc","Industrials","Aerospace & Defense","USA",8362.94,28.53,25.14,-3.42%,8306606
2058,"SATL","Satellogic Inc","Industrials","Aerospace & Defense","USA",1082.95,,7.57,14.35%,11187629
2059,"SATS","EchoStar Corp","Communication Services","Telecom Services","USA",36849.04,,127.15,3.69%,3052428
2060,"SBAC","SBA Communications Corp","Real Estate","REIT - Specialty","USA",23139.77,22.94,218.17,-0.21%,459781
2061,"SBET","Sharplink Inc","Financial","Capital Markets","USA",1466.86,,7.44,-0.13%,6089707
2062,"SBEV","Splash Beverage Group Inc","Consumer Defensive","Beverages - Wineries & Distilleries","USA",2.72,,0.25,5.93%,1047550
2063,"SBH","Sally Beauty Holdings Inc","Consumer Cyclical","Specialty Retail","USA",1361.03,7.97,14.03,1.23%,1484884
2064,"SBIT","ProShares UltraShort Bitcoin ETF","Financial","Exchange Traded Fund","USA",,,39.69,-0.05%,759054
2065,"SBLK","Star Bulk Carriers Corp","Industrials","Marine Shipping","Greece",3054.53,36.36,26.83,0.07%,1004311
2066,"SBRA","Sabra Healthcare REIT Inc","Real Estate","REIT - Healthcare Facilities","USA",5232.94,32.83,20.75,0.83%,1589558
2067,"SBS","Companhia de Saneamento Basico do Estado de Sao Paulo ADR","Utilities","Utilities - Regulated Water","Brazil",22267.74,72.82,6.35,-0.31%,3224393
2068,"SBSW","Sibanye Stillwater Limited ADR","Basic Materials","Other Precious Metals & Mining","South Africa",9425.76,,13.32,0.99%,4346462
2069,"SBUX","Starbucks Corp","Consumer Cyclical","Restaurants","USA",119588.72,80.09,104.93,0.64%,4538546
2070,"SCCO","Southern Copper Corp","Basic Materials","Copper","USA",153061.59,31.07,185.29,3.20%,1082960
2071,"SCHA","Schwab U.S. Small-Cap ETF","Financial","Exchange Traded Fund","USA",,,33.46,1.30%,1320095
2072,"SCHB","Schwab U.S. Broad Market ETF","Financial","Exchange Traded Fund","USA",,,28.42,0.74%,4857928
2073,"SCHD","Schwab US Dividend Equity ETF","Financial","Exchange Traded Fund","USA",,,31.62,0.25%,20947142
2074,"SCHE","Schwab Emerging Markets Equity ETF","Financial","Exchange Traded Fund","USA",,,36.81,0.55%,3420931
2075,"SCHF","Schwab International Equity ETF","Financial","Exchange Traded Fund","USA",,,27.36,1.67%,7267126
2076,"SCHG","Schwab U.S. Large-Cap Growth ETF","Financial","Exchange Traded Fund","USA",,,34.12,0.68%,9804397
2077,"SCHH","Schwab U.S. REIT ETF","Financial","Exchange Traded Fund","USA",,,23.53,0.38%,3474515
2078,"SCHI","Schwab 5-10 Year Corporate Bond ETF","Financial","Exchange Traded Fund","USA",,,22.70,0.27%,1670340
2079,"SCHK","Schwab 1000 Index ETF","Financial","Exchange Traded Fund","USA",,,35.47,0.80%,322533
2080,"SCHM","Schwab U.S. Mid-Cap ETF","Financial","Exchange Traded Fund","USA",,,34.74,1.22%,888138
2081,"SCHO","Schwab Short-Term U.S. Treasury ETF","Financial","Exchange Traded Fund","USA",,,24.20,0.12%,2727107
2082,"SCHP","Schwab U.S. Tips ETF","Financial","Exchange Traded Fund","USA",,,26.86,0.30%,2206690
2083,"SCHR","Schwab Intermediate-Term U.S. Treasury ETF","Financial","Exchange Traded Fund","USA",,,24.79,0.20%,1729574
2084,"SCHV","Schwab U.S. Large-Cap Value ETF","Financial","Exchange Traded Fund","USA",,,32.67,0.62%,2257783
2085,"SCHW","Charles Schwab Corp","Financial","Capital Markets","USA",154013.00,17.57,88.61,-0.99%,9953966
2086,"SCHX","Schwab U.S. Large-Cap ETF","Financial","Exchange Traded Fund","USA",,,29.00,0.73%,10185643
2087,"SCHZ","Schwab US Aggregate Bond ETF","Financial","Exchange Traded Fund","USA",,,23.20,0.26%,2668338
2088,"SCI","Service Corp International","Consumer Cyclical","Personal Services","USA",10736.82,20.51,77.72,-0.97%,1092540
2089,"SCMB","Schwab Municipal Bond ETF","Financial","Exchange Traded Fund","USA",,,25.66,0.08%,697377
2090,"SCNI","Scinai Immunotherapeutics Ltd ADR","Healthcare","Biotechnology","Israel",1.97,,0.57,4.49%,201564
2091,"SCNX","Scienture Holdings Inc","Healthcare","Pharmaceutical Retailers","USA",16.25,,0.40,-5.86%,435534
2092,"SCO","ProShares UltraShort Bloomberg Crude Oil -2x Shares","Financial","Exchange Traded Fund","USA",,,6.91,-1.14%,50703211
2093,"SCYB","Schwab High Yield Bond ETF","Financial","Exchange Traded Fund","USA",,,26.21,0.27%,1353777
2094,"SCZ","iShares MSCI EAFE Small-Cap ETF","Financial","Exchange Traded Fund","USA",,,85.83,1.19%,1020140
2095,"SDGR","Schrodinger Inc","Healthcare","Health Information Services","USA",969.32,,13.13,-1.13%,1778361
2096,"SDOT","Sadot Group Inc","Consumer Defensive","Farm Products","USA",0.61,,0.33,-1.50%,3610522
2097,"SDOW","ProShares UltraPro Short Dow30 -3x Shares","Financial","Exchange Traded Fund","USA",,,28.67,0.03%,4335146
2098,"SDS","ProShares UltraShort S&P500 -2x Shares","Financial","Exchange Traded Fund","USA",,,58.81,-1.54%,3107404
2099,"SDVY","First Trust SMID Cap Rising Dividend Achievers ETF","Financial","Exchange Traded Fund","USA",,,41.84,0.10%,776557
2100,"SE","Sea Ltd ADR","Consumer Cyclical","Internet Retail","Singapore",49046.68,33.74,86.73,-2.15%,4006744
2101,"SEDG","Solaredge Technologies Inc","Technology","Solar","Israel",2511.79,,41.30,6.97%,3830189
2102,"SEGG","Sports Entertainment Gaming Global Corp","Consumer Cyclical","Gambling","USA",18.08,,1.43,2.88%,1715369
2103,"SEI","Solaris Energy Infrastructure Inc","Energy","Oil & Gas Equipment & Services","USA",5365.62,88.01,72.96,-0.15%,1660278
2104,"SELX","Semilux International Ltd","Technology","Electronic Components","Cayman Islands",10.41,,0.24,-34.25%,907481
2105,"SEM","Select Medical Holdings Corp","Healthcare","Medical Care Facilities","USA",2035.12,15.43,16.41,-0.18%,2018271
2106,"SEMR","SEMrush Holdings Inc","Technology","Software - Application","USA",1814.17,,12.00,0.00%,0
2107,"SER","Serina Therapeutics Inc","Healthcare","Biotechnology","USA",26.07,,1.75,-3.31%,40754
2108,"SERV","Serve Robotics Inc","Industrials","Specialty Industrial Machinery","USA",678.56,,8.77,-3.52%,5585249
2109,"SES","SES AI Corp","Consumer Cyclical","Auto Parts","USA",343.14,,0.93,0.89%,7825249
2110,"SF","Stifel Financial Corp","Financial","Capital Markets","USA",11735.23,14.89,76.50,0.45%,1402704
2111,"SFD","Smithfield Foods Inc","Consumer Defensive","Packaged Foods","USA",10210.74,10.13,25.95,-0.50%,1167931
2112,"SFIX","Stitch Fix Inc","Consumer Cyclical","Apparel Retail","USA",487.39,,3.57,-0.83%,926035
2113,"SFL","SFL Corp Ltd","Industrials","Marine Shipping","Bermuda",1734.99,,12.00,0.76%,980360
2114,"SFM","Sprouts Farmers Market Inc","Consumer Defensive","Grocery Stores","USA",7789.69,15.92,82.83,2.25%,2917047
2115,"SFNC","Simmons First National Corp","Financial","Banks - Regional","USA",3085.52,,21.27,-0.42%,819402
2116,"SG","Sweetgreen Inc","Consumer Cyclical","Restaurants","USA",831.57,56.27,7.00,1.89%,9355047
2117,"SGHC","Super Group (SGHC) Limited","Consumer Cyclical","Gambling","United Kingdom",6645.64,30.41,13.08,0.85%,2935665
2118,"SGI","Somnigroup International Inc","Consumer Cyclical","Furnishings, Fixtures & Appliances","USA",14578.71,28.26,69.31,-1.92%,2795057
2119,"SGML","Sigma Lithium Corp","Basic Materials","Other Industrial Metals & Mining","Brazil",2418.49,,21.71,-8.20%,4521492
2120,"SGMO","Sangamo Therapeutics Inc","Healthcare","Biotechnology","USA",73.58,,0.18,0.00%,0
2121,"SGMT","Sagimet Biosciences Inc","Healthcare","Biotechnology","USA",471.73,,7.71,0.92%,964159
2122,"SGOL","Abrdn Gold ETF Trust","Financial","Exchange Traded Fund","USA",,,44.99,0.49%,1619379
2123,"SGOV","iShares 0-3 Month Treasury Bond ETF","Financial","Exchange Traded Fund","USA",,,100.48,0.03%,20272164
2124,"SGRY","Surgery Partners Inc","Healthcare","Medical Care Facilities","USA",1888.58,,14.44,0.91%,1262448
2125,"SH","ProShares Short S&P500 -1x Shares","Financial","Exchange Traded Fund","USA",,,33.61,-0.74%,7066591
2126,"SHAK","Shake Shack Inc","Consumer Cyclical","Restaurants","USA",2994.17,71.27,70.14,1.30%,5004363
2127,"SHC","Sotera Health Co","Healthcare","Diagnostics & Research","USA",4499.94,38.46,15.78,0.70%,2427902
2128,"SHEL","Shell Plc ADR","Energy","Oil & Gas Integrated","United Kingdom",234425.77,13.08,83.97,-0.32%,5727267
2129,"SHLD","Global X Defense Tech ETF","Financial","Exchange Traded Fund","USA",,,65.25,-1.00%,1977372
2130,"SHLS","Shoals Technologies Group Inc","Technology","Solar","USA",1483.10,44.38,8.84,12.76%,8526551
2131,"SHO","Sunstone Hotel Investors Inc","Real Estate","REIT - Hotel & Motel","USA",1954.20,87.71,10.49,1.35%,1472576
2132,"SHOO","Steven Madden Ltd","Consumer Cyclical","Footwear & Accessories","USA",2960.95,38.56,40.61,2.45%,1227868
2133,"SHOP","Shopify Inc","Technology","Software - Application","Canada",143986.79,108.53,110.41,-1.19%,14507574
2134,"SHV","iShares 0-1 Year Treasury Bond ETF","Financial","Exchange Traded Fund","USA",,,110.18,0.04%,1739484
2135,"SHW","Sherwin-Williams Co","Basic Materials","Specialty Chemicals","USA",78139.10,30.40,316.82,-1.06%,1249732
2136,"SHY","iShares 1-3 Year Treasury Bond ETF","Financial","Exchange Traded Fund","USA",,,82.30,0.09%,1597900
2137,"SHYG","iShares 0-5 Year High Yield Corporate Bond ETF","Financial","Exchange Traded Fund","USA",,,42.50,0.24%,1029521
2138,"SID","Companhia Siderurgica Nacional ADR","Basic Materials","Steel","Brazil",1830.00,,1.38,2.99%,2514857
2139,"SIDU","Sidus Space Inc","Industrials","Aerospace & Defense","USA",268.13,,3.41,15.59%,23047130
2140,"SIL","Global X Silver Miners ETF","Financial","Exchange Traded Fund","USA",,,97.24,3.17%,2126575
2141,"SILJ","Amplify Junior Silver Miners ETF","Financial","Exchange Traded Fund","USA",,,31.75,2.82%,4229015
2142,"SILO","SILO Pharma Inc","Healthcare","Biotechnology","USA",6.59,,0.41,-3.57%,381615
2143,"SIRI","Sirius XM Holdings Inc","Communication Services","Entertainment","USA",9122.40,11.26,27.10,1.31%,2825400
2144,"SIVR","Abrdn Silver ETF Trust","Financial","Exchange Traded Fund","USA",,,76.74,1.98%,1737402
2145,"SJM","J.M. Smucker Co","Consumer Defensive","Packaged Foods","USA",10584.85,,99.25,-0.19%,1704018
2146,"SJNK","State Street SPDR Bloomberg Short Term High Yield Bond ETF","Financial","Exchange Traded Fund","USA",,,25.09,0.28%,1471013
2147,"SKLZ","Skillz Inc","Communication Services","Electronic Gaming & Multimedia","USA",104.06,,6.67,-3.61%,420135
2148,"SKM","SK Telecom Co Ltd ADR","Communication Services","Telecom Services","South Korea",14394.77,55.00,37.87,4.33%,2550034
2149,"SKYQ","Sky Quarry Inc","Energy","Oil & Gas Integrated","USA",14.69,,3.91,-1.51%,1552143
2150,"SKYT","SkyWater Technology Inc","Technology","Semiconductors","USA",1657.57,14.45,33.72,2.00%,712254
2151,"SKYX","SKYX Platforms Corp","Industrials","Electrical Equipment & Parts","USA",181.26,,1.36,-6.85%,2686449
2152,"SLB","SLB Ltd","Energy","Oil & Gas Equipment & Services","USA",79641.72,23.36,53.27,0.51%,10534123
2153,"SLDB","Solid Biosciences Inc","Healthcare","Biotechnology","USA",715.33,,7.27,2.83%,924817
2154,"SLDE","Slide Insurance Holdings Inc","Financial","Insurance - Property & Casualty","USA",2114.76,5.12,18.46,-2.17%,860386
2155,"SLDP","Solid Power Inc","Consumer Cyclical","Auto Parts","USA",691.82,,3.08,5.31%,7658179
2156,"SLG","SL Green Realty Corp","Real Estate","REIT - Office","USA",3522.88,,45.75,1.04%,1760826
2157,"SLI","Standard Lithium Ltd","Basic Materials","Other Industrial Metals & Mining","Canada",955.07,,3.93,0.51%,1251715
2158,"SLM","SLM Corp","Financial","Credit Services","USA",4237.46,6.24,22.47,-0.84%,1885369
2159,"SLNH","Soluna Holdings Inc","Financial","Capital Markets","USA",207.12,,1.83,20.39%,54769360
2160,"SLNO","Soleno Therapeutics Inc","Healthcare","Biotechnology","USA",2759.76,30.05,52.95,0.00%,1209955
2161,"SLQT","SelectQuote Inc","Financial","Insurance Brokers","USA",197.51,91.80,1.12,-1.75%,1521433
2162,"SLS","SELLAS Life Sciences Group Inc","Healthcare","Biotechnology","USA",899.71,,5.01,1.62%,3435225
2163,"SLV","iShares Silver Trust","Financial","Exchange Traded Fund","USA",,,73.01,1.97%,19126524
2164,"SM","SM Energy Co","Energy","Oil & Gas E&P","USA",7058.00,12.44,29.44,1.17%,4482466
2165,"SMCI","Super Micro Computer Inc","Technology","Computer Hardware","USA",21186.26,18.70,35.37,5.21%,50774248
2166,"SMCX","Defiance Daily Target 2x Long SMCI ETF","Financial","Exchange Traded Fund","USA",,,18.27,10.06%,3580340
2167,"SMCY","YieldMax SMCI Option Income Strategy ETF","Financial","Exchange Traded Fund","USA",,,6.90,3.92%,933706
2168,"SMFG","Sumitomo Mitsui Financial Group Inc ADR","Financial","Banks - Diversified","Japan",135660.05,14.26,21.43,-0.23%,1390745
2169,"SMH","VanEck Semiconductor ETF","Financial","Exchange Traded Fund","USA",,,566.54,4.90%,8553714
2170,"SMMT","Summit Therapeutics Inc","Healthcare","Biotechnology","USA",14018.69,,18.08,5.42%,3878917
2171,"SMPL","Simply Good Foods Co","Consumer Defensive","Packaged Foods","USA",1109.40,,12.26,-1.45%,1918136
2172,"SMR","NuScale Power Corp","Industrials","Specialty Industrial Machinery","USA",4306.02,,12.55,-0.24%,38130363
2173,"SMTC","Semtech Corp","Technology","Semiconductors","USA",11342.28,,121.81,0.26%,1443241
2174,"SMU","Tradr 2X Long SMR Daily ETF","Financial","Exchange Traded Fund","USA",,,15.77,-0.82%,2006964
2175,"SMX","SMX (Security Matters) Plc","Industrials","Specialty Business Services","Ireland",5.28,,1.11,-10.48%,3788861
2176,"SN","SharkNinja Inc","Consumer Cyclical","Furnishings, Fixtures & Appliances","USA",15803.58,22.51,111.67,-1.28%,1784059
2177,"SNAL","Snail Inc","Communication Services","Electronic Gaming & Multimedia","USA",20.45,,0.48,-6.31%,468776
2178,"SNAP","Snap Inc","Communication Services","Internet Content & Information","USA",10268.83,,6.08,1.67%,40082055
2179,"SNBR","Sleep Number Corp","Consumer Cyclical","Furnishings, Fixtures & Appliances","USA",65.67,,2.85,-5.94%,621769
2180,"SNDK","Sandisk Corp","Technology","Computer Hardware","USA",231366.56,54.31,1562.34,16.60%,20567636
2181,"SNDL","SNDL Inc","Consumer Defensive","Beverages - Wineries & Distilleries","Canada",371.95,,1.43,-1.03%,2493891
2182,"SNDQ","Tradr 2X Short SNDK Daily ETF","Financial","Exchange Traded Fund","USA",,,7.67,-33.13%,40762558
2183,"SNDR","Schneider National Inc","Industrials","Trucking","USA",5385.07,55.23,30.75,0.33%,679298
2184,"SNDX","Syndax Pharmaceuticals Inc","Healthcare","Biotechnology","USA",1904.23,,21.49,4.63%,2177927
2185,"SNOW","Snowflake Inc","Technology","Software - Application","USA",52701.97,,152.45,-0.83%,7280677
2186,"SNPS","Synopsys Inc","Technology","Software - Infrastructure","USA",98937.95,79.82,516.48,2.23%,1733379
2187,"SNXX","Tradr 2X Long SNDK Daily ETF","Financial","Exchange Traded Fund","USA",,,195.89,34.02%,12214578
2188,"SNY","Sanofi ADR","Healthcare","Drug Manufacturers - General","France",103962.63,18.14,43.31,0.30%,2515814
2189,"SNYR","Synergy CHC Corp","Healthcare","Medical Distribution","USA",5.77,,0.39,-1.29%,3051761
2190,"SO","Southern Company","Utilities","Utilities - Regulated Electric","USA",103486.25,23.48,91.80,-0.68%,4466431
2191,"SOAR","Volato Group Inc","Industrials","Airports & Air Services","USA",7.31,0.13,0.19,-9.62%,4244696
2192,"SOBO","South Bow Corp","Energy","Oil & Gas Midstream","Canada",7239.12,18.27,34.71,-1.14%,986310
2193,"SOBR","Sobr Safe Inc","Technology","Scientific & Technical Instruments","USA",4.55,,1.62,-10.00%,3685998
2194,"SOC","Sable Offshore Corp","Energy","Oil & Gas Drilling","USA",1983.56,,12.85,0.16%,2184980
2195,"SOFI","SoFi Technologies Inc","Financial","Credit Services","USA",20203.17,35.72,15.75,-1.56%,55866384
2196,"SOLS","Solstice Advanced Materials Inc","Basic Materials","Specialty Chemicals","USA",12426.43,,78.25,0.63%,2073925
2197,"SOLV","Solventum Corp","Healthcare","Medical Instruments & Supplies","USA",12707.56,8.99,73.38,2.41%,1681997
2198,"SOLZ","Solana ETF","Financial","Exchange Traded Fund","USA",,,9.33,4.60%,2217546
2199,"SON","Sonoco Products Co","Consumer Cyclical","Packaging & Containers","USA",5097.67,12.57,51.56,-0.29%,1444249
2200,"SONO","Sonos Inc","Technology","Consumer Electronics","USA",1794.08,88.54,15.06,1.14%,1588276
2201,"SONY","Sony Group Corp ADR","Technology","Consumer Electronics","Japan",120256.61,,20.15,1.31%,13256715
2202,"SOPA","Society Pass Inc","Communication Services","Advertising Agencies","USA",4.81,,0.37,-1.06%,246527
2203,"SOUN","SoundHound AI Inc","Technology","Software - Application","USA",3784.75,,8.88,-7.79%,49273016
2204,"SOXL","Direxion Daily Semiconductor Bull 3X ETF","Financial","Exchange Traded Fund","USA",,,176.94,16.33%,47016695
2205,"SOXQ","Invesco PHLX Semiconductor ETF","Financial","Exchange Traded Fund","USA",,,92.68,5.45%,1286753
2206,"SOXS","Direxion Daily Semiconductor Bear 3X ETF","Financial","Exchange Traded Fund","USA",,,8.85,-16.51%,313191579
2207,"SOXX","iShares Semiconductor ETF","Financial","Exchange Traded Fund","USA",,,520.30,5.67%,7754540
2208,"SPAB","State Street SPDR Portfolio Aggregate Bond ETF","Financial","Exchange Traded Fund","USA",,,25.57,0.24%,9670800
2209,"SPCE","Virgin Galactic Holdings Inc","Industrials","Aerospace & Defense","USA",239.34,,2.94,17.13%,16260728
2210,"SPDN","Direxion Daily S&P 500 Bear 1X ETF","Financial","Exchange Traded Fund","USA",,,8.82,-0.68%,23285087
2211,"SPDW","State Street SPDR Portfolio Developed World ex-US ETF","Financial","Exchange Traded Fund","USA",,,50.41,1.61%,5072949
2212,"SPEM","State Street SPDR Portfolio Emerging Markets ETF","Financial","Exchange Traded Fund","USA",,,52.62,0.53%,2852658
2213,"SPG","Simon Property Group Inc","Real Estate","REIT - Retail","USA",65658.31,35.80,202.12,0.36%,1081635
2214,"SPGI","S&P Global Inc","Financial","Financial Data & Stock Exchanges","USA",124355.52,26.58,420.12,-2.00%,1975084
2215,"SPHQ","Invesco S&P 500 Quality ETF","Financial","Exchange Traded Fund","USA",,,82.44,0.62%,1170548
2216,"SPHY","State Street SPDR Portfolio High Yield Bond ETF","Financial","Exchange Traded Fund","USA",,,23.47,0.30%,6785429
2217,"SPIB","State Street SPDR Portfolio Intermediate Term Corporate Bond ETF","Financial","Exchange Traded Fund","USA",,,33.53,0.24%,9393913
2218,"SPIR","Spire Global Inc","Industrials","Specialty Business Services","USA",647.84,11.72,18.49,14.56%,1453115
2219,"SPLB","State Street SPDR Portfolio Long Term Corporate Bond ETF","Financial","Exchange Traded Fund","USA",,,22.34,0.54%,2556136
2220,"SPLV","Invesco S&P 500 Low Volatility ETF","Financial","Exchange Traded Fund","USA",,,72.63,-0.67%,4272661
2221,"SPMD","State Street SPDR Portfolio S&P 400TM Mid Cap ETF","Financial","Exchange Traded Fund","USA",,,64.88,0.45%,1410016
2222,"SPMO","Invesco S&P 500 Momentum ETF","Financial","Exchange Traded Fund","USA",,,143.81,3.24%,1924598
2223,"SPOT","Spotify Technology SA","Communication Services","Internet Content & Information","Sweden",86003.01,33.28,417.83,-2.25%,1803994
2224,"SPRY","ARS Pharmaceuticals Inc","Healthcare","Biotechnology","USA",867.86,,8.74,-2.89%,1272299
2225,"SPSB","State Street SPDR Portfolio Short Term Corporate Bond ETF","Financial","Exchange Traded Fund","USA",,,30.02,0.07%,2433129
2226,"SPSM","State Street SPDR Portfolio S&P 600TM Small Cap ETF","Financial","Exchange Traded Fund","USA",,,53.83,0.50%,1597680
2227,"SPT","Sprout Social Inc","Technology","Software - Application","USA",444.61,,7.40,8.82%,4669923
2228,"SPTI","State Street SPDR Portfolio Intermediate Term Treasury ETF","Financial","Exchange Traded Fund","USA",,,28.52,0.18%,2943192
2229,"SPTL","State Street SPDR Portfolio Long Term Treasury ETF","Financial","Exchange Traded Fund","USA",,,26.14,0.42%,9521621
2230,"SPTM","State Street SPDR Portfolio S&P 1500 Composite Stock Market ETF","Financial","Exchange Traded Fund","USA",,,89.46,0.79%,375082
2231,"SPTS","State Street SPDR Portfolio Short Term Treasury ETF","Financial","Exchange Traded Fund","USA",,,29.07,0.07%,652183
2232,"SPTX","Seaport Therapeutics Inc","Healthcare","Biotechnology","USA",851.13,,16.05,3.55%,304104
2233,"SPWR","SunPower Inc","Technology","Solar","USA",138.05,,1.09,6.86%,1720199
2234,"SPXL","Direxion Daily S&P 500 Bull 3X ETF","Financial","Exchange Traded Fund","USA",,,265.56,2.38%,1479100
2235,"SPXS","Direxion Daily S&P 500 Bear 3X ETF","Financial","Exchange Traded Fund","USA",,,27.82,-2.35%,9313092
2236,"SPXU","ProShares UltraPro Short S&P 500","Financial","Exchange Traded Fund","USA",,,39.02,-2.38%,8463540
2237,"SPY","SPDR S&P 500 ETF Trust","Financial","Exchange Traded Fund","USA",,,737.62,0.83%,47228429
2238,"SPYD","State Street SPDR Portfolio S&P 500 High Dividend ETF","Financial","Exchange Traded Fund","USA",,,46.69,-0.09%,679687
2239,"SPYG","State Street SPDR Portfolio S&P 500 Growth ETF","Financial","Exchange Traded Fund","USA",,,117.56,1.24%,2214083
2240,"SPYI","NEOS S&P 500 High Income ETF","Financial","Exchange Traded Fund","USA",,,53.41,0.53%,2878772
2241,"SPYM","State Street SPDR Portfolio S&P 500 ETF","Financial","Exchange Traded Fund","USA",,,86.82,0.84%,8146297
2242,"SPYU","MAX S&P 500 4X Leveraged ETN","Financial","Exchange Traded Fund","USA",,,33.11,3.11%,1683391
2243,"SPYV","State Street SPDR Portfolio S&P 500 Value ETF","Financial","Exchange Traded Fund","USA",,,60.10,0.33%,1867160
2244,"SQM","Sociedad Quimica Y Minera de Chile SA ADR","Basic Materials","Specialty Chemicals","Chile",13052.32,44.38,91.39,-0.23%,989951
2245,"SQQQ","ProShares UltraPro Short QQQ -3x Shares","Financial","Exchange Traded Fund","USA",,,42.57,-6.91%,60666285
2246,"SRAD","Sportradar Group AG","Technology","Software - Application","Switzerland",4065.32,52.45,13.04,-4.40%,2749993
2247,"SRE","Sempra","Utilities","Utilities - Diversified","USA",59832.25,31.10,91.53,-0.04%,4296599
2248,"SRFM","Surf Air Mobility Inc","Industrials","Airlines","USA",134.32,,1.35,-4.93%,3756514
2249,"SRLN","State Street Blackstone Senior Loan ETF","Financial","Exchange Traded Fund","USA",,,40.58,0.10%,1363943
2250,"SRPT","Sarepta Therapeutics Inc","Healthcare","Biotechnology","USA",2106.77,,19.95,-4.06%,4078406
2251,"SRRK","Scholar Rock Holding Corp","Healthcare","Biotechnology","USA",5798.49,,48.39,4.18%,1049134
2252,"SRTY","ProShares UltraPro Short Russell2000 -3x Shares","Financial","Exchange Traded Fund","USA",,,26.19,-1.98%,2933260
2253,"SRXH","SRX Health Solutions Inc","Consumer Defensive","Packaged Foods","USA",34.44,0.05,0.12,3.12%,33066222
2254,"SSL","Sasol Ltd ADR","Basic Materials","Specialty Chemicals","South Africa",8218.32,63.91,12.96,0.93%,1038076
2255,"SSNC","SS&C Technologies Holdings Inc","Technology","Software - Application","USA",16559.75,21.29,68.76,-1.91%,2280801
2256,"SSO","ProShares Ultra S&P500 2x Shares","Financial","Exchange Traded Fund","USA",,,66.22,1.60%,2245067
2257,"SSRM","SSR Mining Inc","Basic Materials","Gold","USA",7096.16,32.95,34.20,4.56%,2726920
2258,"SST","System1 Inc","Industrials","Specialty Business Services","USA",38.79,,3.92,0.00%,527565
2259,"ST","Sensata Technologies Holding Plc","Technology","Scientific & Technical Instruments","USA",6534.26,138.84,44.93,1.33%,1316471
2260,"STAA","Staar Surgical Co","Healthcare","Medical Instruments & Supplies","USA",1321.50,,26.69,-2.16%,445980
2261,"STAG","STAG Industrial Inc","Real Estate","REIT - Industrial","USA",7447.44,30.08,38.95,0.72%,974085
2262,"STAK","Stak Inc","Energy","Oil & Gas Equipment & Services","USA",,,1.08,0.93%,19933
2263,"STEP","StepStone Group Inc","Financial","Asset Management","USA",6642.07,,55.74,2.88%,786144
2264,"STEX","Streamex Corp","Financial","Capital Markets","USA",90.51,,0.93,-4.73%,738465
2265,"STGW","Stagwell Inc","Communication Services","Advertising Agencies","USA",1603.62,90.11,6.47,0.15%,1312380
2266,"STIM","Neuronetics Inc","Healthcare","Medical Devices","USA",115.17,,1.65,-10.05%,2989319
2267,"STIP","iShares 0-5 Year TIPS Bond ETF","Financial","Exchange Traded Fund","USA",,,103.60,0.18%,823253
2268,"STKL","Sunopta Inc","Consumer Defensive","Beverages - Non-Alcoholic","Canada",769.42,50.98,6.50,0.00%,0
2269,"STLA","Stellantis N.V","Consumer Cyclical","Auto Manufacturers","Netherlands",22378.43,,7.74,3.48%,11752050
2270,"STLD","Steel Dynamics Inc","Basic Materials","Steel","USA",33904.43,25.18,235.10,0.94%,896243
2271,"STM","ST Microelectronics","Technology","Semiconductors","Switzerland",52589.70,384.72,59.17,5.85%,11478329
2272,"STNE","StoneCo Ltd","Technology","Software - Infrastructure","Brazil",2917.14,7.07,10.77,-2.45%,4744210
2273,"STNG","Scorpio Tankers Inc","Energy","Oil & Gas Midstream","Monaco",4369.30,8.29,84.41,-0.33%,2689560
2274,"STRC","Strategy Inc - VR PRF PERPETUAL USD 100 - Ser A","Technology","Software - Application","USA",64947.72,,99.99,0.03%,2192334
2275,"STT","State Street Corp","Financial","Asset Management","USA",41373.90,15.16,149.49,0.48%,1248201
2276,"STUB","Stubhub Holdings Inc","Communication Services","Internet Content & Information","USA",2750.34,,7.71,0.52%,2792755
2277,"STWD","Starwood Property Trust Inc","Real Estate","REIT - Mortgage","USA",6579.56,18.44,17.75,-1.66%,5476049
2278,"STX","Seagate Technology Holdings Plc","Technology","Computer Hardware","USA",175490.58,74.29,782.64,2.11%,4873951
2279,"STZ","Constellation Brands Inc","Consumer Defensive","Beverages - Brewers","USA",25521.15,15.46,148.21,-1.36%,1505020
2280,"SU","Suncor Energy Inc","Energy","Oil & Gas Integrated","Canada",75974.11,16.81,64.01,0.42%,2461693
2281,"SUJA","Suja Life Inc","Consumer Defensive","Beverages - Non-Alcoholic","USA",,,17.80,-0.28%,446137
2282,"SUNB","Sunbelt Rentals Holdings Inc","Industrials","Rental & Leasing Services","USA",30257.68,,73.21,-0.16%,1659960
2283,"SUNE","SUNation Energy Inc","Technology","Solar","USA",5.62,,1.65,-0.60%,195306
2284,"SUZ","Suzano SA ADR","Basic Materials","Paper & Paper Products","Brazil",10964.21,5.28,8.87,1.14%,2659986
2285,"SVC","Service Properties Trust","Real Estate","REIT - Hotel & Motel","USA",1061.42,,1.64,6.49%,11564373
2286,"SVIX","1x Short VIX Futures ETF","Financial","Exchange Traded Fund","USA",,,19.49,-0.36%,1881887
2287,"SVM","Silvercorp Metals Inc","Basic Materials","Silver","Canada",2974.18,,13.50,0.37%,3202716
2288,"SVRA","Savara Inc","Healthcare","Biotechnology","USA",1071.74,,5.23,1.36%,816138
2289,"SVV","Savers Value Village Inc","Consumer Cyclical","Specialty Retail","USA",1241.13,59.35,8.06,-1.83%,1212249
2290,"SVXY","ProShares Short VIX Short-Term Futures ETF -0.5x Shares","Financial","Exchange Traded Fund","USA",,,51.21,-0.29%,1002347
2291,"SW","Smurfit WestRock plc","Consumer Cyclical","Packaging & Containers","Ireland",21723.60,57.90,41.55,-0.19%,5216204
2292,"SWK","Stanley Black & Decker Inc","Industrials","Tools & Accessories","USA",12602.78,33.21,81.07,1.08%,1465239
2293,"SWKS","Skyworks Solutions Inc","Technology","Semiconductors","USA",10044.11,27.76,66.78,2.68%,5143880
2294,"SWMR","Swarmer Inc","Technology","Software - Infrastructure","USA",347.39,,27.14,-2.09%,337967
2295,"SXC","SunCoke Energy Inc","Basic Materials","Coking Coal","USA",621.13,,7.32,0.00%,1160418
2296,"SXTP","60 Degrees Pharmaceuticals Inc","Healthcare","Biotechnology","USA",4.06,,1.54,-2.53%,63391
2297,"SYF","Synchrony Financial","Financial","Credit Services","USA",24644.62,7.57,73.14,-1.16%,4070575
2298,"SYK","Stryker Corp","Healthcare","Medical Devices","USA",109330.52,33.06,285.47,-2.98%,2136333
2299,"SYM","Symbotic Inc","Industrials","Specialty Industrial Machinery","USA",31439.51,,52.29,-7.34%,2922977
2300,"SYNX","Silynxcom Ltd","Technology","Communication Equipment","Israel",7.89,,1.19,-0.83%,11829
2301,"SYRE","Spyre Therapeutics Inc","Healthcare","Biotechnology","USA",6517.00,,75.04,2.66%,840632
2302,"SYY","Sysco Corp","Consumer Defensive","Food Distribution","USA",34639.55,20.09,72.44,-0.60%,3654838
2303,"T","AT&T Inc","Communication Services","Telecom Services","USA",174820.20,8.44,25.16,-0.40%,36012927
2304,"TAC","Transalta Corp","Utilities","Utilities - Independent Power Producers","Canada",3787.17,,12.76,0.00%,1448373
2305,"TAK","Takeda Pharmaceutical Co ADR","Healthcare","Drug Manufacturers - Specialty & Generic","Japan",52008.33,68.38,16.46,-1.08%,4360995
2306,"TAL","TAL Education Group ADR","Consumer Defensive","Education & Training Services","China",5080.33,11.82,11.09,-2.72%,3540585
2307,"TALK","Talkspace Inc","Healthcare","Health Information Services","USA",869.39,114.57,5.19,0.19%,1119590
2308,"TALO","Talos Energy Inc","Energy","Oil & Gas E&P","USA",2502.22,,14.99,0.47%,1442889
2309,"TAN","Invesco Solar ETF","Financial","Exchange Traded Fund","USA",,,61.94,3.65%,749194
2310,"TAP","Molson Coors Beverage Company","Consumer Defensive","Beverages - Brewers","USA",8400.32,,42.41,-1.67%,3455851
2311,"TBIL","F/m US Treasury 3 Month Bill Fund","Financial","Exchange Traded Fund","USA",,,49.91,0.04%,1764774
2312,"TBLA","Taboola.com Ltd","Communication Services","Internet Content & Information","USA",1434.95,13.96,5.25,0.77%,4917465
2313,"TCOM","Trip.com Group Ltd ADR","Consumer Cyclical","Travel Services","Singapore",33886.41,7.91,52.68,-1.29%,2208201
2314,"TCPC","BlackRock TCP Capital Corp","Financial","Asset Management","USA",351.55,,4.19,-3.90%,1040428
2315,"TD","Toronto Dominion Bank","Financial","Banks - Diversified","Canada",181553.67,12.23,107.46,-0.22%,1010203
2316,"TDAY","USA TODAY Co Inc","Communication Services","Publishing","USA",1119.34,171.85,7.63,3.81%,1442111
2317,"TDC","Teradata Corp","Technology","Software - Infrastructure","USA",2972.62,7.24,31.59,6.61%,2516671
2318,"TDIC","Dreamland Ltd","Communication Services","Advertising Agencies","Hong Kong",9.18,,1.24,5.08%,3640579
2319,"TDOC","Teladoc Health Inc","Healthcare","Health Information Services","USA",1308.72,,7.25,4.17%,6501301
2320,"TDUP","ThredUp Inc","Consumer Cyclical","Internet Retail","USA",621.98,,4.82,-2.03%,3399495
2321,"TE","T1 Energy Inc","Industrials","Electrical Equipment & Parts","USA",1719.08,,6.16,19.61%,18278043
2322,"TEAM","Atlassian Corp","Technology","Software - Application","USA",23245.14,,91.60,-0.83%,12639847
2323,"TECH","Bio-Techne Corp","Healthcare","Biotechnology","USA",7571.67,69.46,48.36,-5.01%,3850168
2324,"TECK","Teck Resources Ltd","Basic Materials","Other Industrial Metals & Mining","Canada",31727.92,23.77,64.87,6.76%,3838084
2325,"TECL","Direxion Daily Technology Bull 3X ETF","Financial","Exchange Traded Fund","USA",,,193.09,10.44%,1360426
2326,"TECS","Direxion Technology Bear 3X ETF","Financial","Exchange Traded Fund","USA",,,8.71,-10.21%,3697800
2327,"TEL","TE Connectivity plc","Technology","Electronic Components","Ireland",60188.92,21.06,206.20,-1.84%,2865223
2328,"TEM","Tempus AI Inc","Healthcare","Health Information Services","USA",8945.11,,49.86,0.79%,11664414
2329,"TENB","Tenable Holdings Inc","Technology","Software - Infrastructure","USA",2407.24,,21.83,1.35%,3751079
2330,"TER","Teradyne Inc","Technology","Semiconductor Equipment & Materials","USA",56319.17,66.59,359.77,1.60%,3485988
2331,"TERN","Terns Pharmaceuticals Inc","Healthcare","Biotechnology","USA",6116.85,,52.95,0.00%,0
2332,"TETH","21Shares Ethereum ETF","Financial","Exchange Traded Fund","USA",,,11.57,0.87%,582418
2333,"TEVA","Teva- Pharmaceutical Industries Ltd ADR","Healthcare","Drug Manufacturers - Specialty & Generic","Israel",41612.59,26.55,35.73,-0.78%,8220835
2334,"TEX","Terex Corp","Industrials","Farm & Heavy Construction Machinery","USA",7263.12,30.92,63.60,1.24%,1268231
2335,"TFC","Truist Financial Corp","Financial","Banks - Regional","USA",61185.13,12.17,49.11,-1.27%,4301470
2336,"TFLO","iShares Treasury Floating Rate Bond ETF","Financial","Exchange Traded Fund","USA",,,50.54,0.04%,789255
2337,"TGB","Taseko Mines Ltd","Basic Materials","Copper","Canada",2738.57,267.50,7.49,3.31%,5823440
2338,"TGT","Target Corp","Consumer Defensive","Discount Stores","USA",56720.16,15.40,125.25,-0.50%,3883689
2339,"TGTX","TG Therapeutics Inc","Healthcare","Biotechnology","USA",6561.16,14.94,42.86,-0.38%,3729567
2340,"TH","Target Hospitality Corp","Industrials","Specialty Business Services","USA",1526.26,,15.33,0.26%,912495
2341,"THC","Tenet Healthcare Corp","Healthcare","Medical Care Facilities","USA",16398.76,9.90,190.38,-1.93%,1241029
2342,"THM","International Tower Hill Mines Ltd","Basic Materials","Gold","Canada",664.57,,2.54,-0.39%,721501
2343,"THRO","iShares U.S. Thematic Rotation Active ETF","Financial","Exchange Traded Fund","USA",,,42.31,1.39%,598232
2344,"THRY","Thryv Holdings Inc","Technology","Software - Application","USA",168.97,11.90,3.81,2.42%,1124778
2345,"TIC","TIC Solutions Inc","Industrials","Specialty Business Services","USA",2190.53,,9.91,-1.00%,2303525
2346,"TIGO","Millicom International Cellular SA","Communication Services","Telecom Services","Luxembourg",13475.24,10.27,80.43,-0.09%,1721657
2347,"TIGR","UP Fintech Holding Ltd ADR","Financial","Capital Markets","Singapore",1106.73,7.04,6.46,0.47%,3190106
2348,"TIP","iShares TIPS Bond ETF","Financial","Exchange Traded Fund","USA",,,111.40,0.33%,1142747
2349,"TJX","TJX Companies Inc","Consumer Cyclical","Apparel Retail","USA",169740.48,31.47,153.36,-0.73%,4908387
2350,"TKC","Turkcell Iletisim Hizmetleri A.S ADR","Communication Services","Telecom Services","Turkey",5783.31,13.63,6.64,1.68%,764574
2351,"TKO","TKO Group Holdings Inc","Communication Services","Entertainment","USA",36260.60,68.58,186.79,-0.38%,1876452
2352,"TLH","iShares 10-20 Year Treasury Bond ETF","Financial","Exchange Traded Fund","USA",,,100.26,0.42%,606459
2353,"TLRY","Tilray Brands Inc","Healthcare","Drug Manufacturers - Specialty & Generic","Canada",665.00,,5.56,-1.77%,4392334
2354,"TLT","iShares 20+ Year Treasury Bond ETF","Financial","Exchange Traded Fund","USA",,,86.08,0.50%,30797630
2355,"TLTW","iShares 20+ Year Treasury Bond BuyWrite Strategy ETF","Financial","Exchange Traded Fund","USA",,,22.33,0.50%,2248727
2356,"TLYS","Tillys Inc","Consumer Cyclical","Apparel Retail","USA",97.83,,4.22,1.44%,139052
2357,"TMC","TMC the metals company Inc","Basic Materials","Other Industrial Metals & Mining","Canada",2469.17,,5.70,0.00%,5162600
2358,"TMDE","TMD Energy Ltd","Energy","Oil & Gas Midstream","USA",,,1.02,-2.86%,194173
2359,"TMDX","Transmedics Group Inc","Healthcare","Medical Devices","USA",2344.61,15.57,67.84,-6.94%,2703718
2360,"TME","Tencent Music Entertainment Group ADR","Communication Services","Internet Content & Information","China",5528.29,9.18,9.24,-0.32%,6945774
2361,"TMF","Direxion Daily 20+ Year Treasury Bull 3X Shares","Financial","Exchange Traded Fund","USA",,,35.59,1.25%,2616837
2362,"TMHC","Taylor Morrison Home Corp","Consumer Cyclical","Residential Construction","USA",5605.66,8.95,60.00,0.89%,939372
2363,"TMO","Thermo Fisher Scientific Inc","Healthcare","Diagnostics & Research","USA",172803.98,25.57,465.00,-1.99%,3905815
2364,"TMQ","Trilogy Metals Inc","Basic Materials","Other Industrial Metals & Mining","Canada",788.22,,4.49,0.90%,2360020
2365,"TMUS","T-Mobile US Inc","Communication Services","Telecom Services","USA",209547.30,20.59,193.63,-0.29%,3965915
2366,"TNA","Direxion Small Cap Bull 3X ETF","Financial","Exchange Traded Fund","USA",,,65.12,1.97%,5605978
2367,"TNDM","Tandem Diabetes Care Inc","Healthcare","Medical Devices","USA",1060.83,,15.48,-16.19%,7532578
2368,"TNGX","Tango Therapeutics Inc","Healthcare","Biotechnology","USA",3320.46,,23.02,-1.96%,1511453
2369,"TNYA","Tenaya Therapeutics Inc","Healthcare","Biotechnology","USA",217.00,,1.00,17.87%,10295623
2370,"TOI","Oncology Institute Inc","Healthcare","Medical Care Facilities","USA",399.93,,4.00,-1.72%,2448395
2371,"TOL","Toll Brothers Inc","Consumer Cyclical","Residential Construction","USA",13059.15,9.85,137.89,0.58%,750093
2372,"TOST","Toast Inc","Technology","Software - Infrastructure","USA",14754.45,38.08,25.05,-14.74%,34891628
2373,"TOVX","Theriva Biologics Inc","Healthcare","Biotechnology","USA",16.25,,0.35,-1.67%,1239719
2374,"TPET","Trio Petroleum Corp","Energy","Oil & Gas E&P","USA",15.46,,0.46,-2.91%,2631594
2375,"TPG","TPG Inc","Financial","Asset Management","USA",17148.02,204.02,44.62,0.31%,1931611
2376,"TPH","Tri Pointe Homes Inc","Consumer Cyclical","Residential Construction","USA",3998.44,22.34,46.95,0.00%,1075408
2377,"TPR","Tapestry Inc","Consumer Cyclical","Luxury Goods","USA",26968.93,42.88,133.48,2.27%,4316632
2378,"TQQQ","ProShares UltraPro QQQ 3x Shares","Financial","Exchange Traded Fund","USA",,,76.28,6.92%,68713740
2379,"TREX","TREX Co Inc","Industrials","Building Products & Equipment","USA",4176.73,22.39,40.20,2.58%,2546755
2380,"TRGP","Targa Resources Corp","Energy","Oil & Gas Midstream","USA",53257.44,25.27,248.12,-1.71%,1438856
2381,"TRI","Thomson-Reuters Corp","Industrials","Specialty Business Services","Canada",40532.99,26.90,92.94,-0.46%,1630655
2382,"TRIN","Trinity Capital Inc","Financial","Asset Management","USA",1527.19,9.02,16.99,-0.18%,1360660
2383,"TRIP","TripAdvisor Inc","Consumer Cyclical","Travel Services","USA",1215.97,108.29,10.45,-6.95%,3530537
2384,"TRMB","Trimble Inc","Technology","Scientific & Technical Instruments","USA",14173.18,31.89,60.80,-1.70%,3066495
2385,"TRON","Tron Inc","Consumer Cyclical","Leisure","USA",611.87,,2.23,-3.04%,1067035
2386,"TROW","T. Rowe Price Group Inc","Financial","Asset Management","USA",22568.70,11.29,105.33,1.68%,1506095
2387,"TROX","Tronox Holdings plc","Basic Materials","Chemicals","USA",1407.00,,8.82,4.75%,3464360
2388,"TRP","TC Energy Corp","Energy","Oil & Gas Midstream","Canada",67418.99,28.06,64.75,-0.54%,1497847
2389,"TRU","TransUnion","Financial","Financial Data & Stock Exchanges","USA",13881.60,19.96,72.00,-1.30%,1477358
2390,"TRV","Travelers Companies Inc","Financial","Insurance - Property & Casualty","USA",63376.62,8.87,298.04,-0.30%,901154
2391,"TRVI","Trevi Therapeutics Inc","Healthcare","Biotechnology","USA",2058.71,,14.50,3.20%,1990825
2392,"TRX","TRX Gold Corp","Basic Materials","Gold","Canada",410.67,,1.26,2.44%,2930544
2393,"TS","Tenaris SA ADR","Energy","Oil & Gas Equipment & Services","Luxembourg",30258.48,15.71,59.81,1.44%,2742421
2394,"TSCO","Tractor Supply Co","Consumer Cyclical","Specialty Retail","USA",16074.38,15.06,30.65,-3.43%,17658362
2395,"TSDD","GraniteShares 2x Short TSLA Daily ETF","Financial","Exchange Traded Fund","USA",,,7.46,-8.01%,30543853
2396,"TSEM","Tower Semiconductor Ltd","Technology","Semiconductors","Israel",23582.88,108.83,211.02,0.49%,1597931
2397,"TSHA","Taysha Gene Therapies Inc","Healthcare","Biotechnology","USA",1956.93,,6.81,2.10%,2179748
2398,"TSL","GraniteShares 1.25x Long Tesla Daily ETF","Financial","Exchange Traded Fund","USA",,,17.27,4.98%,1507074
2399,"TSLA","Tesla Inc","Consumer Cyclical","Auto Manufacturers","USA",1608764.24,391.33,428.35,4.02%,65049970
2400,"TSLG","Leverage Shares 2X Long TSLA Daily ETF","Financial","Exchange Traded Fund","USA",,,7.69,8.01%,63288633
2401,"TSLL","Direxion Daily TSLA Bull 2X ETF","Financial","Exchange Traded Fund","USA",,,15.62,7.95%,119990072
2402,"TSLQ","Tradr 2X Short TSLA Daily ETF","Financial","Exchange Traded Fund","USA",,,17.60,-8.00%,15826800
2403,"TSLR","GraniteShares 2x Long TSLA Daily ETF","Financial","Exchange Traded Fund","USA",,,26.61,7.78%,3346972
2404,"TSLS","Direxion Daily TSLA Bear 1X ETF","Financial","Exchange Traded Fund","USA",,,51.74,-3.94%,1055057
2405,"TSLT","T-REX 2X Long Tesla Daily Target ETF","Financial","Exchange Traded Fund","USA",,,21.79,7.87%,5068646
2406,"TSLX","Sixth Street Specialty Lending Inc","Financial","Asset Management","USA",1704.65,15.70,17.94,0.28%,723043
2407,"TSLZ","T-Rex 2X Inverse Tesla Daily Target ETF","Financial","Exchange Traded Fund","USA",,,11.30,-7.98%,6792900
2408,"TSM","Taiwan Semiconductor Manufacturing ADR","Technology","Semiconductors","Taiwan",2135178.28,34.22,411.68,-0.60%,18531231
2409,"TSN","Tyson Foods Inc","Consumer Defensive","Farm Products","USA",23599.89,52.47,68.38,0.65%,2119206
2410,"TSSI","TSS Inc","Technology","Information Technology Services","USA",337.45,23.25,12.02,-24.12%,5796170
2411,"TSYY","GraniteShares YieldBOOST TSLA ETF","Financial","Exchange Traded Fund","USA",,,3.21,-1.08%,468937
2412,"TT","Trane Technologies plc","Industrials","Building Products & Equipment","Ireland",103049.44,36.06,466.17,-0.77%,1178383
2413,"TTAN","ServiceTitan Inc","Technology","Software - Application","USA",6005.27,,63.04,-3.46%,753994
2414,"TTD","Trade Desk Inc","Communication Services","Advertising Agencies","USA",10985.56,26.01,23.08,-1.75%,41292178
2415,"TTE","TotalEnergies SE","Energy","Oil & Gas Integrated","France",196532.67,12.82,88.48,-0.28%,840630
2416,"TTEK","Tetra Tech Inc","Industrials","Engineering & Construction","USA",7861.00,18.13,30.29,-1.30%,2854736
2417,"TTI","Tetra Technologies Inc","Industrials","Conglomerates","USA",1324.11,185.23,9.78,0.10%,780828
2418,"TTMI","TTM Technologies Inc","Technology","Electronic Components","USA",16336.65,85.51,157.31,2.30%,2114993
2419,"TTWO","Take-Two Interactive Software Inc","Communication Services","Electronic Gaming & Multimedia","USA",40821.93,,220.45,-1.36%,1756059
2420,"TU","Telus Corp","Communication Services","Telecom Services","Canada",19902.75,29.30,12.75,-1.09%,6968508
2421,"TURB","Turbo Energy SA ADR","Technology","Solar","Spain",15.99,,1.33,-10.74%,422701
2422,"TUYA","Tuya Inc ADR","Technology","Software - Infrastructure","China",1346.42,26.19,2.48,3.33%,1172702
2423,"TV","Grupo Televisa SAB ADR","Communication Services","Telecom Services","Mexico",1226.75,,2.85,0.71%,1064104
2424,"TVTX","Travere Therapeutics Inc","Healthcare","Biotechnology","USA",3961.50,,42.60,-0.14%,2266025
2425,"TW","Tradeweb Markets Inc","Financial","Capital Markets","USA",25681.99,26.85,108.81,-1.48%,927296
2426,"TWI","Titan International Inc","Industrials","Farm & Heavy Construction Machinery","USA",508.54,,7.90,-1.37%,518530
2427,"TWLO","Twilio Inc","Technology","Software - Infrastructure","USA",30612.79,312.86,201.70,2.35%,2874117
2428,"TWO","Two Harbors Investment Corp","Real Estate","REIT - Mortgage","USA",1318.33,,12.55,1.37%,2452569
2429,"TWST","Twist Bioscience Corp","Healthcare","Diagnostics & Research","USA",3540.12,,56.85,-2.89%,1090454
2430,"TXG","10x Genomics Inc","Healthcare","Health Information Services","USA",2786.20,,21.60,-3.66%,4831625
2431,"TXN","Texas Instruments Inc","Technology","Semiconductors","USA",261924.71,49.24,287.80,0.90%,8881504
2432,"TXNM","TXNM Energy Inc","Utilities","Utilities - Regulated Electric","USA",6530.62,42.63,58.99,-0.42%,4350009
2433,"TXRH","Texas Roadhouse Inc","Consumer Cyclical","Restaurants","USA",11693.80,28.34,177.38,12.32%,2907357
2434,"TXT","Textron Inc","Industrials","Aerospace & Defense","USA",15825.64,17.39,91.01,-0.63%,1379260
2435,"TYRA","Tyra Biosciences Inc","Healthcare","Biotechnology","USA",2041.53,,34.32,4.32%,896093
2436,"TZA","Direxion Small Cap Bear 3X ETF","Financial","Exchange Traded Fund","USA",,,4.64,-1.90%,265483327
2437,"U","Unity Software Inc","Technology","Software - Application","USA",12292.83,,28.16,5.35%,17315070
2438,"UA","Under Armour Inc","Consumer Cyclical","Apparel Manufacturing","USA",2702.00,,6.25,0.48%,1896939
2439,"UAA","Under Armour Inc","Consumer Cyclical","Apparel Manufacturing","USA",2702.00,,6.43,0.63%,7103314
2440,"UAL","United Airlines Holdings Inc","Industrials","Airlines","USA",32320.65,8.88,99.58,-0.12%,3897182
2441,"UAMY","United States Antimony Corp","Basic Materials","Other Industrial Metals & Mining","USA",1524.80,,10.66,-3.27%,10666204
2442,"UAVS","AgEagle Aerial Systems Inc","Technology","Computer Hardware","USA",66.98,,1.17,0.00%,2414439
2443,"UBER","Uber Technologies Inc","Technology","Software - Application","USA",153585.94,18.80,75.45,-1.67%,16230658
2444,"UBS","UBS Group AG","Financial","Banks - Diversified","Switzerland",137483.82,16.20,45.23,1.85%,1946000
2445,"UBXG","U-BX Technology Ltd","Technology","Software - Infrastructure","China",14.84,,0.39,-1.26%,21167603
2446,"UCAR","U Power Ltd","Consumer Cyclical","Auto & Truck Dealerships","China",3.72,,1.51,-3.21%,347866
2447,"UCO","ProShares Ultra Bloomberg Crude Oil 2x Shares","Financial","Exchange Traded Fund","USA",,,44.47,1.37%,4779923
2448,"UCTT","Ultra Clean Hldgs Inc","Technology","Semiconductor Equipment & Materials","USA",3904.55,,87.10,9.01%,1075000
2449,"UDMY","Udemy Inc","Consumer Defensive","Education & Training Services","USA",675.68,188.98,4.63,-7.95%,2372691
2450,"UDOW","ProShares UltraPro Dow30 3x Shares","Financial","Exchange Traded Fund","USA",,,60.70,0.02%,2441828
2451,"UDR","UDR Inc","Real Estate","REIT - Residential","USA",19378.33,25.12,36.91,-0.05%,3499690
2452,"UEC","Uranium Energy Corp","Energy","Uranium","USA",7431.75,,15.16,-2.76%,7212002
2453,"UGI","UGI Corp","Utilities","Utilities - Regulated Gas","USA",6929.21,11.31,32.32,0.00%,1917168
2454,"UGL","ProShares Ultra Gold 2x Shares","Financial","Exchange Traded Fund","USA",,,61.79,0.85%,1305613
2455,"UGP","Ultrapar Participacoes SA ADR","Energy","Oil & Gas Refining & Marketing","Brazil",6643.46,12.19,6.11,3.56%,4983912
2456,"UGRO","Urban-gro Inc","Industrials","Farm & Heavy Construction Machinery","USA",6.76,,5.99,6.58%,111971
2457,"UL","Unilever plc ADR","Consumer Defensive","Household & Personal Products","United Kingdom",127616.27,18.68,58.40,-0.56%,4887581
2458,"ULCC","Frontier Group Holdings Inc","Industrials","Airlines","USA",1215.59,,5.29,-2.58%,5286587
2459,"UMAC","Unusual Machines Inc","Technology","Computer Hardware","USA",522.86,,13.42,-0.59%,4232041
2460,"UMC","United Micro Electronics ADR","Technology","Semiconductors","Taiwan",38792.09,23.90,15.42,1.72%,14785349
2461,"UNG","United States Natural Gas Fund","Financial","Exchange Traded Fund","USA",,,10.57,-1.03%,8642445
2462,"UNH","Unitedhealth Group Inc","Healthcare","Healthcare Plans","USA",345076.70,28.70,379.98,2.77%,6455097
2463,"UNHG","Leverage Shares 2X Long UNH Daily ETF","Financial","Exchange Traded Fund","USA",,,19.49,5.35%,901254
2464,"UNIT","Uniti Group Inc","Real Estate","REIT - Specialty","USA",2696.75,3.05,11.28,1.44%,2242908
2465,"UNM","Unum Group","Financial","Insurance - Life","USA",12922.70,17.57,80.88,0.70%,1161275
2466,"UNP","Union Pacific Corp","Industrials","Railroads","USA",157126.19,21.79,264.65,-0.09%,1788023
2467,"UPB","Upstream Bio Inc","Healthcare","Biotechnology","USA",494.68,,9.09,1.17%,456143
2468,"UPRO","ProShares UltraPro S&P 500 ETF 3x Shares","Financial","Exchange Traded Fund","USA",,,139.22,2.35%,2452075
2469,"UPS","United Parcel Service Inc","Industrials","Integrated Freight & Logistics","USA",85663.63,16.32,100.78,0.68%,4780827
2470,"UPST","Upstart Holdings Inc","Financial","Credit Services","USA",2771.81,74.75,28.96,-0.14%,4636212
2471,"UPWK","Upwork Inc","Communication Services","Internet Content & Information","USA",1089.43,10.99,8.82,-16.87%,26575669
2472,"UPXI","Upexi Inc","Communication Services","Internet Content & Information","USA",95.70,,1.38,2.99%,2901187
2473,"URA","Global X Uranium ETF","Financial","Exchange Traded Fund","USA",,,55.18,-1.92%,5210327
2474,"URBN","Urban Outfitters Inc","Consumer Cyclical","Apparel Retail","USA",6120.49,14.11,71.50,1.50%,874681
2475,"URG","Ur-Energy Inc","Energy","Uranium","USA",691.36,,1.74,-4.40%,5439783
2476,"UROY","Uranium Royalty Corp","Energy","Uranium","Canada",585.92,173.16,4.00,1.01%,3740634
2477,"URTY","ProShares UltraPro Russell2000 3x Shares","Financial","Exchange Traded Fund","USA",,,75.92,1.95%,841940
2478,"USA","Liberty All-Star Equity Fund","Financial","Closed-End Fund - Equity","USA",1755.03,10.39,5.82,0.69%,1091418
2479,"USAR","USA Rare Earth Inc","Basic Materials","Other Industrial Metals & Mining","USA",5876.64,,26.96,2.20%,16498702
2480,"USAS","Americas Gold and Silver Corp","Basic Materials","Other Industrial Metals & Mining","Canada",2160.65,,6.63,3.92%,4163888
2481,"USB","U.S. Bancorp","Financial","Banks - Regional","USA",86199.21,11.63,55.53,0.40%,10662475
2482,"USEG","U.S. Energy Corp","Energy","Oil & Gas E&P","USA",50.15,,0.94,-2.34%,1238510
2483,"USFD","US Foods Holding Corp","Consumer Defensive","Food Distribution","USA",18586.71,28.43,84.40,-2.85%,3388769
2484,"USFR","WisdomTree Floating Rate Treasury Fund","Financial","Exchange Traded Fund","USA",,,50.40,0.04%,3857012
2485,"USHY","iShares Broad USD High Yield Corporate Bond ETF","Financial","Exchange Traded Fund","USA",,,37.07,0.24%,5459968
2486,"USIG","iShares Broad USD Investment Grade Corporate Bond ETF","Financial","Exchange Traded Fund","USA",,,51.32,0.31%,869873
2487,"USMV","iShares MSCI USA Min Vol Factor ETF","Financial","Exchange Traded Fund","USA",,,94.03,-0.27%,1725199
2488,"USO","United States Oil Fund","Financial","Exchange Traded Fund","USA",,,133.59,-1.02%,7741638
2489,"UTZ","Utz Brands Inc","Consumer Defensive","Packaged Foods","USA",1079.15,,7.50,-2.85%,2045940
2490,"UUP","Invesco DB US Dollar Index Bullish Fund","Financial","Exchange Traded Fund","USA",,,27.34,-0.26%,1070318
2491,"UUUU","Energy Fuels Inc","Energy","Uranium","USA",5342.16,,21.38,-8.44%,12599309
2492,"UVIX","2x Long VIX Futures ETF","Financial","Exchange Traded Fund","USA",,,5.22,0.77%,45157232
2493,"UVXY","ProShares Ultra VIX Short-Term Futures ETF 1.5x Shares","Financial","Exchange Traded Fund","USA",,,36.10,0.73%,6213749
2494,"UWMC","UWM Holdings Corp","Financial","Mortgage Finance","USA",5446.42,12.53,3.38,0.00%,17130995
2495,"V","Visa Inc","Financial","Credit Services","USA",600640.18,28.03,318.79,-0.78%,5950254
2496,"VAL","Valaris Ltd","Energy","Oil & Gas Drilling","Bermuda",6580.30,6.65,95.02,3.53%,783372
2497,"VALE","Vale SA ADR","Basic Materials","Other Industrial Metals & Mining","Brazil",72579.64,25.38,16.63,2.72%,15937678
2498,"VBIL","Vanguard 0-3 Month Treasury Bill ETF","Financial","Exchange Traded Fund","USA",,,75.53,0.05%,2398204
2499,"VCIT","Vanguard Intermediate-Term Corporate Bond ETF","Financial","Exchange Traded Fund","USA",,,82.89,0.35%,6139750
2500,"VCLT","Vanguard Long-Term Corporate Bond ETF","Financial","Exchange Traded Fund","USA",,,75.12,0.56%,5725014
2501,"VCSH","Vanguard Short-Term Corporate Bond ETF","Financial","Exchange Traded Fund","USA",,,79.13,0.13%,2938521
2502,"VDE","Vanguard Energy ETF","Financial","Exchange Traded Fund","USA",,,158.38,-0.58%,479428
2503,"VEA","Vanguard FTSE Developed Markets ETF","Financial","Exchange Traded Fund","USA",,,70.83,1.66%,9468542
2504,"VECA-U","Vernal Capital Acquisition Corp","Financial","Shell Companies","Singapore",99.70,,9.97,-0.20%,302873
2505,"VECO","Veeco Instruments Inc","Technology","Semiconductor Equipment & Materials","USA",3626.61,154.94,59.42,2.95%,1573981
2506,"VEEA","Veea Inc","Technology","Information Technology Services","USA",27.47,,0.55,9.75%,265530
2507,"VEEV","Veeva Systems Inc","Healthcare","Health Information Services","USA",27168.47,30.71,166.34,-1.14%,2781681
2508,"VELO","Velo3D Inc","Technology","Computer Hardware","USA",400.95,,13.46,10.06%,2026317
2509,"VERA","Vera Therapeutics Inc","Healthcare","Biotechnology","USA",2597.82,,36.19,0.86%,797467
2510,"VERI","Veritone Inc","Technology","Software - Infrastructure","USA",197.99,,2.13,2.40%,2605543
2511,"VERX","Vertex Inc","Technology","Software - Application","USA",2388.16,,14.93,1.77%,2258540
2512,"VET","Vermilion Energy Inc","Energy","Oil & Gas E&P","Canada",1803.28,,11.79,-0.59%,1677964
2513,"VEU","Vanguard FTSE All-World ex-US ETF","Financial","Exchange Traded Fund","USA",,,83.29,1.28%,2299591
2514,"VFC","VF Corp","Consumer Cyclical","Apparel Manufacturing","USA",7426.18,34.43,18.98,-0.42%,4617486
2515,"VFF","Village Farms International Inc","Consumer Defensive","Farm Products","USA",295.82,9.14,2.57,-6.88%,5529961
2516,"VG","Venture Global Inc","Energy","Oil & Gas Midstream","USA",28425.41,12.38,11.45,-2.05%,17484423
2517,"VGIT","Vanguard Intermediate-Term Treasury ETF","Financial","Exchange Traded Fund","USA",,,59.24,0.15%,2603344
2518,"VGK","Vanguard FTSE Europe ETF","Financial","Exchange Traded Fund","USA",,,88.12,0.96%,1747950
2519,"VGLT","Vanguard Long-Term Treasury ETF","Financial","Exchange Traded Fund","USA",,,55.02,0.42%,1077788
2520,"VGNT","Versigent Plc","Consumer Cyclical","Auto Parts","Switzerland",2965.48,,41.83,7.26%,1173158
2521,"VGSH","Vanguard Short-Term Treasury ETF","Financial","Exchange Traded Fund","USA",,,58.34,0.07%,3608799
2522,"VGT","Vanguard Information Technology ETF","Financial","Exchange Traded Fund","USA",,,112.44,2.68%,3946997
2523,"VGZ","Vista Gold Corp","Basic Materials","Gold","USA",328.44,,2.25,0.00%,1077654
2524,"VHUB","Venhub Global Inc","Consumer Defensive","Grocery Stores","USA",90.16,,1.06,4.95%,739489
2525,"VIAV","Viavi Solutions Inc","Technology","Communication Equipment","USA",11978.42,,51.21,0.31%,4831152
2526,"VICI","VICI Properties Inc","Real Estate","REIT - Diversified","USA",30830.83,9.90,28.84,0.17%,5218377
2527,"VIG","Vanguard Dividend Appreciation FTF","Financial","Exchange Traded Fund","USA",,,228.06,-0.02%,1179574
2528,"VIK","Viking Holdings Ltd","Consumer Cyclical","Travel Services","Bermuda",36853.13,32.18,82.67,-1.55%,2603292
2529,"VIPS","Vipshop Holdings Ltd ADR","Consumer Cyclical","Internet Retail","China",5799.18,7.32,14.46,-0.55%,1603361
2530,"VIR","Vir Biotechnology Inc","Healthcare","Biotechnology","USA",1538.11,,9.12,-1.62%,1611671
2531,"VIRT","Virtu Financial Inc","Financial","Capital Markets","USA",7957.48,8.49,51.31,3.57%,1655473
2532,"VISN","Vistance Networks Inc","Technology","Communication Equipment","USA",2643.68,,11.72,-1.51%,6815153
2533,"VIST","Vista Energy SAB de CV ADR","Energy","Oil & Gas E&P","Mexico",6207.99,9.72,65.21,-0.90%,1195736
2534,"VITL","Vital Farms Inc","Consumer Defensive","Farm Products","USA",383.07,8.61,8.94,-6.09%,6525701
2535,"VIV","Telefonica Brasil SA ADR","Communication Services","Telecom Services","Brazil",24925.68,22.56,15.60,1.43%,1509745
2536,"VIVO","VivoPower Plc","Technology","Software - Infrastructure","United Kingdom",50.71,,3.02,0.33%,744066
2537,"VIXY","ProShares VIX Short-Term Futures ETF","Financial","Exchange Traded Fund","USA",,,27.05,0.74%,2303078
2538,"VKTX","Viking Therapeutics Inc","Healthcare","Biotechnology","USA",3637.59,,31.33,-0.79%,1448659
2539,"VLN","Valens Semiconductor Ltd","Technology","Semiconductors","Israel",293.77,,2.79,15.77%,5478490
2540,"VLO","Valero Energy Corp","Energy","Oil & Gas Refining & Marketing","USA",71578.61,17.51,241.06,1.99%,3409243
2541,"VLTO","Veralto Corp","Industrials","Pollution & Treatment Controls","USA",21327.84,22.41,86.84,-2.13%,2049224
2542,"VLUE","iShares MSCI USA Value Factor ETF","Financial","Exchange Traded Fund","USA",,,182.59,4.45%,1004666
2543,"VLY","Valley National Bancorp","Financial","Banks - Regional","USA",7430.90,12.02,13.41,0.07%,4772844
2544,"VMBS","Vanguard Mortgage-Backed Securities ETF","Financial","Exchange Traded Fund","USA",,,46.95,0.41%,825130
2545,"VMC","Vulcan Materials Co","Basic Materials","Building Materials","USA",36814.06,33.76,283.72,-1.80%,1022438
2546,"VNDA","Vanda Pharmaceuticals Inc","Healthcare","Biotechnology","USA",377.65,,6.28,-1.72%,1309361
2547,"VNET","VNET Group Inc ADR","Technology","Information Technology Services","China",2387.07,,8.90,-0.67%,6750187
2548,"VNO","Vornado Realty Trust","Real Estate","REIT - Office","USA",6594.23,8.83,32.16,0.37%,1837953
2549,"VNOM","Viper Energy Inc","Energy","Oil & Gas Midstream","USA",15980.37,,46.79,-0.40%,891144
2550,"VNQ","Vanguard Real Estate Index Fund ETF","Financial","Exchange Traded Fund","USA",,,96.62,0.24%,2186490
2551,"VNT","Vontier Corp","Technology","Scientific & Technical Instruments","USA",4236.67,10.63,30.09,-1.89%,3714219
2552,"VO","Vanguard Mid-Cap ETF","Financial","Exchange Traded Fund","USA",,,77.15,-0.31%,2172731
2553,"VOD","Vodafone Group plc ADR","Communication Services","Telecom Services","United Kingdom",37333.55,,16.20,3.25%,4409506
2554,"VONG","Vanguard Russell 1000 Growth Index ETF","Financial","Exchange Traded Fund","USA",,,127.18,0.69%,1792507
2555,"VONV","Vanguard Russell 1000 Value Index ETF","Financial","Exchange Traded Fund","USA",,,102.61,0.83%,514161
2556,"VOO","Vanguard S&P 500 ETF","Financial","Exchange Traded Fund","USA",,,678.04,0.82%,4350372
2557,"VOOG","Vanguard S&P 500 Growth ETF","Financial","Exchange Traded Fund","USA",,,81.63,1.28%,1258827
2558,"VOYA","Voya Financial Inc","Financial","Financial Conglomerates","USA",7397.46,12.34,81.59,2.38%,887700
2559,"VOYG","Voyager Technologies Inc","Industrials","Aerospace & Defense","USA",1759.07,,29.74,16.08%,2040833
2560,"VPL","Vanguard FTSE Pacific ETF","Financial","Exchange Traded Fund","USA",,,113.89,2.54%,635241
2561,"VRAX","Virax Biolabs Group Ltd","Healthcare","Biotechnology","United Kingdom",3.41,,0.17,26.67%,39901782
2562,"VRDN","Viridian Therapeutics Inc","Healthcare","Biotechnology","USA",1712.07,,16.61,-2.29%,4372621
2563,"VRE","Veris Residential Inc","Real Estate","REIT - Residential","USA",1780.11,24.75,18.97,-0.05%,509369
2564,"VRNS","Varonis Systems Inc","Technology","Software - Infrastructure","USA",3275.65,,28.53,-0.52%,2372143
2565,"VRRM","Verra Mobility Corp","Technology","Information Technology Services","USA",2172.27,17.43,14.30,-2.26%,2104810
2566,"VRSK","Verisk Analytics Inc","Industrials","Consulting Services","USA",22518.72,26.18,171.87,-1.61%,1578495
2567,"VRT","Vertiv Holdings Co","Industrials","Electrical Equipment & Parts","USA",130585.48,85.34,339.97,-0.01%,4080997
2568,"VRTX","Vertex Pharmaceuticals Inc","Healthcare","Biotechnology","USA",109090.65,25.48,429.82,1.13%,953348
2569,"VSA","VisionSys AI Inc ADR","Consumer Defensive","Education & Training Services","China",0.42,,0.53,-0.73%,492494
2570,"VSAT","Viasat Inc","Technology","Communication Equipment","USA",9509.56,,70.01,5.55%,1538653
2571,"VSCO","Victoria's Secret & Co","Consumer Cyclical","Apparel Retail","USA",3865.64,25.94,48.04,1.03%,1946841
2572,"VSH","Vishay Intertechnology Inc","Technology","Semiconductors","USA",4662.97,,34.26,5.12%,4577411
2573,"VSME","Vs Media Holdings Ltd","Communication Services","Advertising Agencies","Hong Kong",2.54,,0.92,-0.64%,78644
2574,"VSNT","Versant Media Group Inc","Communication Services","Entertainment","USA",5915.56,6.40,41.14,0.88%,1253112
2575,"VST","Vistra Corp","Utilities","Utilities - Independent Power Producers","USA",50010.50,24.67,147.72,-4.05%,8074485
2576,"VSTM","Verastem Inc","Healthcare","Biotechnology","USA",429.70,,4.89,-13.60%,7555491
2577,"VSTS","Vestis Corp","Industrials","Rental & Leasing Services","USA",1219.21,,9.24,-0.54%,1038617
2578,"VT","Vanguard Total World Stock ETF","Financial","Exchange Traded Fund","USA",,,155.18,0.95%,2360739
2579,"VTAK","Catheter Precision Inc","Healthcare","Medical Devices","USA",2.24,,0.83,-6.27%,43314
2580,"VTEB","Vanguard Tax-Exempt Bond ETF","Financial","Exchange Traded Fund","USA",,,50.25,0.10%,4195064
2581,"VTEX","Vtex","Technology","Software - Application","United Kingdom",637.62,37400.00,3.74,-5.79%,1581654
2582,"VTI","Vanguard Total Stock Market ETF","Financial","Exchange Traded Fund","USA",,,362.87,0.74%,2867471
2583,"VTIP","Vanguard Short-Term Inflation-Protected Securities Index Fund","Financial","Exchange Traded Fund","USA",,,50.40,0.22%,1532037
2584,"VTR","Ventas Inc","Real Estate","REIT - Healthcare Facilities","USA",43417.93,158.05,87.26,0.82%,4813586
2585,"VTRS","Viatris Inc","Healthcare","Drug Manufacturers - Specialty & Generic","USA",19995.37,,17.17,-1.27%,20242689
2586,"VTV","Vanguard Value ETF","Financial","Exchange Traded Fund","USA",,,207.04,0.55%,2107677
2587,"VTWO","Vanguard Russell 2000 Index ETF","Financial","Exchange Traded Fund","USA",,,114.84,0.70%,2659177
2588,"VUG","Vanguard Growth ETF","Financial","Exchange Traded Fund","USA",,,86.84,0.92%,5521872
2589,"VUSB","Vanguard Ultra-Short Bond ETF","Financial","Exchange Traded Fund","USA",,,49.70,0.06%,1519857
2590,"VVV","Valvoline Inc","Consumer Cyclical","Auto & Truck Dealerships","USA",4542.84,48.96,35.62,-0.70%,3957595
2591,"VWO","Vanguard FTSE Emerging Markets ETF","Financial","Exchange Traded Fund","USA",,,60.54,0.55%,7629590
2592,"VXUS","Vanguard Total International Stock ETF","Financial","Exchange Traded Fund","USA",,,85.43,1.40%,6934092
2593,"VXX","iPath Series B S&P 500 VIX Short-Term FuturesTM ETN","Financial","Exchange Traded Fund","USA",,,28.06,0.57%,9358623
2594,"VYM","Vanguard High Dividend Yield Indx ETF","Financial","Exchange Traded Fund","USA",,,155.46,0.19%,955659
2595,"VYMI","Vanguard International High Dividend Yield ETF","Financial","Exchange Traded Fund","USA",,,99.66,0.68%,964889
2596,"VYX","NCR Voyix Corp","Technology","Information Technology Services","USA",1150.69,21.64,8.35,3.21%,3375401
2597,"VZ","Verizon Communications Inc","Communication Services","Telecom Services","USA",197169.90,11.51,47.22,0.28%,16349830
2598,"VZLA","Vizsla Silver Corp","Basic Materials","Other Industrial Metals & Mining","Canada",1244.22,,3.56,3.79%,5244220
2599,"W","Wayfair Inc","Consumer Cyclical","Internet Retail","USA",8746.09,,66.26,0.09%,3107195
2600,"WAB","Westinghouse Air Brake Technologies Corp","Industrials","Railroads","USA",45084.96,37.61,265.71,0.05%,678868
2601,"WAL","Western Alliance Bancorp","Financial","Banks - Regional","USA",8900.09,9.53,81.90,-0.50%,1067549
2602,"WAT","Waters Corp","Healthcare","Diagnostics & Research","USA",34861.51,45.21,355.13,1.32%,1814064
2603,"WAY","Waystar Holding Corp","Healthcare","Health Information Services","USA",4100.96,31.94,21.38,1.76%,1897784
2604,"WB","Weibo Corp ADR","Communication Services","Internet Content & Information","China",1340.15,5.07,8.49,0.35%,583114
2605,"WBD","Warner Bros. Discovery Inc","Communication Services","Entertainment","USA",67968.48,,27.11,-0.04%,12508778
2606,"WBS","Webster Financial Corp","Financial","Banks - Regional","USA",11813.35,11.94,72.91,0.30%,1856570
2607,"WBUY","Webuy Global Ltd","Consumer Cyclical","Internet Retail","Singapore",6.80,,1.24,0.00%,56569
2608,"WCLD","WisdomTree Cloud Computing Fund","Financial","Exchange Traded Fund","USA",,,29.76,0.10%,1101742
2609,"WCN","Waste Connections Inc","Industrials","Waste Management","Canada",38574.43,37.05,151.82,-1.14%,2308349
2610,"WDAY","Workday Inc","Technology","Software - Application","USA",32852.31,49.47,127.83,-2.33%,4252775
2611,"WDC","Western Digital Corp","Technology","Computer Hardware","USA",165447.42,28.65,480.00,3.47%,7929836
2612,"WDS","Woodside Energy Group Ltd ADR","Energy","Oil & Gas E&P","Australia",40892.84,15.17,21.57,-1.55%,763640
2613,"WEAV","Weave Communications Inc","Healthcare","Health Information Services","USA",472.62,,5.94,-1.82%,920280
2614,"WEC","WEC Energy Group Inc","Utilities","Utilities - Regulated Electric","USA",36370.53,22.26,111.66,-0.99%,1546203
2615,"WELL","Welltower Inc","Real Estate","REIT - Healthcare Facilities","USA",151510.42,,214.63,0.79%,2734466
2616,"WEN","Wendy's Co","Consumer Cyclical","Restaurants","USA",1390.40,9.42,7.30,5.04%,22280941
2617,"WERN","Werner Enterprises Inc","Industrials","Trucking","USA",2183.38,,36.42,0.11%,997637
2618,"WES","Western Midstream Partners LP","Energy","Oil & Gas Midstream","USA",17125.55,14.22,43.49,0.44%,1797244
2619,"WETO","Wetour Robotics Ltd","Technology","Software - Infrastructure","China",10.44,,0.47,5.49%,40219
2620,"WFC","Wells Fargo & Co","Financial","Banks - Diversified","USA",231472.73,11.68,75.64,-4.45%,31062126
2621,"WFRD","Weatherford International plc","Energy","Oil & Gas Equipment & Services","USA",7359.40,15.99,102.32,0.02%,963610
2622,"WGRX","Wellgistics Health Inc","Healthcare","Pharmaceutical Retailers","USA",10.58,,0.08,-4.64%,3102154
2623,"WGS","GeneDx Holdings Corp","Healthcare","Diagnostics & Research","USA",1210.38,,40.77,0.67%,2106088
2624,"WH","Wyndham Hotels & Resorts Inc","Consumer Cyclical","Lodging","USA",6188.72,33.05,82.67,-1.40%,764902
2625,"WHD","Cactus Inc","Energy","Oil & Gas Equipment & Services","USA",4340.61,51.27,54.14,-3.55%,1053887
2626,"WHR","Whirlpool Corp","Consumer Cyclical","Furnishings, Fixtures & Appliances","USA",2916.71,15.07,44.96,-6.74%,6140619
2627,"WING","Wingstop Inc","Consumer Cyclical","Restaurants","USA",3531.25,32.26,129.67,-3.86%,1460864
2628,"WIT","Wipro Ltd ADR","Technology","Information Technology Services","India",20430.15,13.70,1.95,-1.52%,14524676
2629,"WIX","Wix.com Ltd","Technology","Software - Infrastructure","Israel",4410.40,102.23,80.12,-0.27%,1565624
2630,"WK","Workiva Inc","Technology","Software - Application","USA",2891.11,222.03,51.29,-1.91%,1276804
2631,"WLDS","Wearable Devices Ltd","Technology","Consumer Electronics","Israel",3.64,,1.03,-0.96%,121316
2632,"WLK","Westlake Corp","Basic Materials","Specialty Chemicals","USA",12024.34,,93.85,-3.62%,1405032
2633,"WLTH","Wealthfront Corp","Technology","Software - Application","USA",1715.61,,11.47,0.70%,697526
2634,"WM","Waste Management Inc","Industrials","Waste Management","USA",86487.37,31.17,215.37,-2.75%,2630667
2635,"WMB","Williams Cos Inc","Energy","Oil & Gas Midstream","USA",88006.96,31.62,71.96,-1.36%,4722019
2636,"WMG","Warner Music Group Corp","Communication Services","Entertainment","USA",17425.47,39.22,33.36,7.47%,6573087
2637,"WMT","Walmart Inc","Consumer Defensive","Discount Stores","USA",1039840.38,47.78,130.43,0.18%,15183657
2638,"WOLF","Wolfspeed Inc","Technology","Semiconductors","USA",2252.60,,46.60,3.19%,6561354
2639,"WOOF","Petco Health and Wellness Co Inc","Consumer Cyclical","Specialty Retail","USA",799.04,93.36,2.81,2.18%,961961
2640,"WPC","W. P. Carey Inc","Real Estate","REIT - Diversified","USA",16504.97,31.72,74.10,0.27%,1073271
2641,"WPM","Wheaton Precious Metals Corp","Basic Materials","Gold","Canada",63051.79,35.09,138.85,5.54%,2978978
2642,"WRB","W.R. Berkley Corp","Financial","Insurance - Property & Casualty","USA",24451.14,13.94,65.68,-1.28%,1378525
2643,"WRBY","Warby Parker Inc","Healthcare","Medical Instruments & Supplies","USA",3619.57,3110.53,29.55,8.64%,4177643
2644,"WRD","WeRide Inc ADR","Technology","Software - Application","China",2383.82,,7.51,1.62%,2710903
2645,"WRN","Western Copper & Gold Corp","Basic Materials","Other Industrial Metals & Mining","Canada",694.94,,3.08,4.76%,2835249
2646,"WSC","WillScot Holdings Corp","Industrials","Rental & Leasing Services","USA",5085.95,,28.10,20.60%,13336249
2647,"WSM","Williams-Sonoma Inc","Consumer Cyclical","Specialty Retail","USA",21672.82,20.56,182.10,-0.72%,901046
2648,"WT","WisdomTree Inc","Financial","Asset Management","USA",2921.18,46.97,19.10,2.03%,2182610
2649,"WTI","W & T Offshore Inc","Energy","Oil & Gas E&P","USA",551.97,,3.71,-2.88%,8363219
2650,"WTRG","Essential Utilities Inc","Utilities","Utilities - Regulated Water","USA",10627.73,19.03,37.47,-0.61%,1006347
2651,"WTTR","Select Water Solutions Inc","Energy","Oil & Gas Equipment & Services","USA",2319.49,82.76,16.80,-0.12%,1912812
2652,"WU","Western Union Company","Financial","Credit Services","USA",2833.79,6.64,9.07,0.22%,5216640
2653,"WULF","TeraWulf Inc","Financial","Capital Markets","USA",11292.27,,23.39,-2.62%,36270219
2654,"WVE","Wave Life Sciences Ltd","Healthcare","Biotechnology","Singapore",1381.29,,7.18,-0.83%,2551033
2655,"WWR","Westwater Resources Inc","Basic Materials","Other Industrial Metals & Mining","USA",82.91,,0.66,0.74%,740972
2656,"WWW","Wolverine World Wide Inc","Consumer Cyclical","Footwear & Accessories","USA",1369.08,14.79,16.70,-1.82%,785329
2657,"WY","Weyerhaeuser Co","Real Estate","REIT - Specialty","USA",16966.14,42.81,23.53,-0.72%,4468104
2658,"WYNN","Wynn Resorts Ltd","Consumer Cyclical","Resorts & Casinos","USA",10629.84,29.31,102.42,-4.15%,3981186
2659,"XBI","State Street SPDR S&P Biotech ETF","Financial","Exchange Traded Fund","USA",,,134.71,0.79%,11783758
2660,"XE","X-Energy Inc","Industrials","Specialty Industrial Machinery","USA",8760.65,,30.18,0.73%,3684237
2661,"XEL","Xcel Energy Inc","Utilities","Utilities - Regulated Electric","USA",49560.76,22.85,79.39,-1.29%,4559448
2662,"XENE","Xenon Pharmaceuticals Inc","Healthcare","Biotechnology","Canada",5385.91,,56.44,0.79%,920547
2663,"XERS","Xeris Biopharma Holdings Inc","Healthcare","Drug Manufacturers - Specialty & Generic","USA",1127.35,99.69,6.53,-1.51%,3020195
2664,"XHB","State Street SPDR S&P Homebuilders ETF","Financial","Exchange Traded Fund","USA",,,102.51,-0.15%,1210908
2665,"XIFR","XPLR Infrastructure LP","Utilities","Utilities - Renewable","USA",2211.96,10.61,11.73,2.80%,3283239
2666,"XLB","State Street Materials Select Sector SPDR ETF","Financial","Exchange Traded Fund","USA",,,51.59,0.37%,7600237
2667,"XLC","State Street Communication Services Select Sector SPDR ETF","Financial","Exchange Traded Fund","USA",,,116.94,-0.37%,4153817
2668,"XLE","State Street Energy Select Sector SPDR ETF","Financial","Exchange Traded Fund","USA",,,55.70,-0.45%,30573494
2669,"XLF","State Street Financial Select Sector SPDR ETF","Financial","Exchange Traded Fund","USA",,,51.24,-0.60%,29627690
2670,"XLG","Invesco S&P 500 Top 50 ETF","Financial","Exchange Traded Fund","USA",,,62.90,0.75%,1018139
2671,"XLI","State Street Industrial Select Sector SPDR ETF","Financial","Exchange Traded Fund","USA",,,173.20,-0.46%,5883791
2672,"XLK","State Street Technology Select Sector SPDR ETF","Financial","Exchange Traded Fund","USA",,,175.52,3.44%,11222158
2673,"XLP","State Street Consumer Staples Select Sector SPDR ETF","Financial","Exchange Traded Fund","USA",,,84.18,0.24%,10323781
2674,"XLRE","State Street Real Estate Select Sector SPDR ETF","Financial","Exchange Traded Fund","USA",,,44.41,0.02%,3267145
2675,"XLU","State Street Utilities Select Sector SPDR ETF","Financial","Exchange Traded Fund","USA",,,44.72,-0.89%,18158145
2676,"XLV","State Street Health Care Select Sector SPDR ETF","Financial","Exchange Traded Fund","USA",,,143.49,-0.85%,10165379
2677,"XLY","State Street Consumer Discretionary Select Sector SPDR ETF","Financial","Exchange Traded Fund","USA",,,120.20,0.27%,6054230
2678,"XME","State Street SPDR S&P Metals & Mining ETF","Financial","Exchange Traded Fund","USA",,,120.95,0.37%,1540052
2679,"XMTR","Xometry Inc","Industrials","Industrial Distribution","USA",4146.47,,80.01,1.92%,1128860
2680,"XNDU","Xanadu Quantum Technologies Ltd","Technology","Software - Infrastructure","Canada",680.00,131.35,15.71,-9.61%,11581458
2681,"XOM","Exxon Mobil Corp","Energy","Oil & Gas Integrated","USA",599235.06,24.40,144.57,-1.37%,19550097
2682,"XOP","State Street SPDR S&P Oil & Gas Exploration & Production ETF","Financial","Exchange Traded Fund","USA",,,165.16,-0.54%,2849954
2683,"XOVR","ERShares Private-Public Crossover ETF","Financial","Exchange Traded Fund","USA",,,18.81,-0.37%,2328272
2684,"XP","XP Inc","Financial","Capital Markets","Brazil",10101.48,11.02,19.17,2.02%,4046114
2685,"XPEV","XPeng Inc ADR","Consumer Cyclical","Auto Manufacturers","China",12205.47,,15.62,0.45%,4292738
2686,"XPO","XPO Inc","Industrials","Trucking","USA",24010.34,70.07,204.50,-1.15%,1274436
2687,"XPRO","Expro Group Holdings NV","Energy","Oil & Gas Equipment & Services","USA",1742.89,48.36,15.37,-1.22%,714023
2688,"XRAY","DENTSPLY Sirona Inc","Healthcare","Medical Instruments & Supplies","USA",2203.59,,11.00,0.36%,6637841
2689,"XRT","State Street SPDR S&P Retail ETF","Financial","Exchange Traded Fund","USA",,,84.72,0.44%,3983727
2690,"XRTX","XORTX Therapeutics Inc","Healthcare","Biotechnology","Canada",3.88,,2.79,5.28%,17352
2691,"XRX","Xerox Holdings Corp","Industrials","Business Equipment & Supplies","USA",363.57,,2.78,17.30%,8441959
2692,"XTIA","XTI Aerospace Inc","Industrials","Aerospace & Defense","USA",67.33,,1.75,-3.31%,1575258
2693,"XTLB","X.T.L. Biopharmaceuticals Ltd ADR","Healthcare","Biotechnology","Israel",6.02,,2.54,-4.87%,43872
2694,"XWEL","XWELL Inc","Healthcare","Diagnostics & Research","USA",11.65,,1.47,15.75%,613128
2695,"XXI","Twenty One Capital Inc","Financial","Shell Companies","USA",5614.98,25.37,8.62,3.11%,766545
2696,"XXII","22nd Century Group Inc","Consumer Defensive","Tobacco","USA",0.46,,0.63,-11.09%,832548
2697,"XXRP","Teucrium 2x Long Daily XRP ETF","Financial","Exchange Traded Fund","USA",,,4.15,4.80%,2608848
2698,"XYL","Xylem Inc","Industrials","Specialty Industrial Machinery","USA",27032.88,28.26,113.73,-1.65%,2185391
2699,"XYLD","Global X S&P 500 Covered Call ETF","Financial","Exchange Traded Fund","USA",,,40.59,0.17%,519706
2700,"XYZ","Block Inc","Technology","Software - Infrastructure","USA",44584.80,58.15,74.85,6.72%,12878420
2701,"YAAS","Youxin Technology Ltd","Technology","Software - Application","China",10.82,,0.96,-10.28%,174651
2702,"YANG","Direxion Daily FTSE China Bear 3X ETF","Financial","Exchange Traded Fund","USA",,,26.06,-0.42%,549642
2703,"YCBD","cbdMD Inc","Healthcare","Drug Manufacturers - Specialty & Generic","USA",8.82,,0.84,-3.45%,194542
2704,"YELP","Yelp Inc","Communication Services","Internet Content & Information","USA",1511.96,12.36,27.08,-4.98%,2020120
2705,"YETI","YETI Holdings Inc","Consumer Cyclical","Leisure","USA",3143.56,20.36,41.53,-0.36%,1230828
2706,"YEXT","Yext Inc","Technology","Software - Infrastructure","USA",495.85,69.91,4.02,-2.43%,1088888
2707,"YINN","Direxion Daily FTSE China Bull 3X ETF","Financial","Exchange Traded Fund","USA",,,35.96,0.20%,2180644
2708,"YMAG","YieldMax Magnificent 7 Fund of Option Income ETFs","Financial","Exchange Traded Fund","USA",,,13.09,0.54%,1846007
2709,"YMAT","J-Star Holding Co Ltd","Basic Materials","Specialty Chemicals","Taiwan",8.72,13.70,0.51,110.77%,314211737
2710,"YMAX","YieldMax Universe Fund of Option Income ETFs","Financial","Exchange Traded Fund","USA",,,8.72,2.11%,1608287
2711,"YMM","Full Truck Alliance Co Ltd ADR","Technology","Software - Application","China",8231.36,15.32,8.81,-1.23%,7610268
2712,"YMT","Yimutian Inc ADR","Technology","Software - Application","China",15.31,,0.14,0.35%,535422
2713,"YOU","Clear Secure Inc","Technology","Software - Application","USA",7593.30,45.88,56.81,-2.34%,1787527
2714,"YPF","YPF ADR","Energy","Oil & Gas Integrated","Argentina",16662.43,,42.37,-1.00%,2148530
2715,"YSS","York Space Systems Inc","Industrials","Aerospace & Defense","USA",4439.52,,34.79,4.22%,1843145
2716,"YSWY","Yesway Inc","Consumer Defensive","Grocery Stores","USA",1566.56,,25.77,-4.27%,261039
2717,"YUM","Yum Brands Inc","Consumer Cyclical","Restaurants","USA",41880.64,24.50,151.95,-3.37%,1583584
2718,"YUMC","Yum China Holdings Inc","Consumer Cyclical","Restaurants","China",16471.15,18.04,46.90,-2.52%,1136075
2719,"YXT","Yxt.Com Group Holding Ltd ADR","Technology","Software - Application","China",31.48,,0.53,0.85%,46485
2720,"Z","Zillow Group Inc","Communication Services","Internet Content & Information","USA",9512.55,165.19,41.43,-5.15%,3861851
2721,"ZBH","Zimmer Biomet Holdings Inc","Healthcare","Medical Devices","USA",15927.77,21.38,82.33,-1.25%,2077381
2722,"ZD","Ziff Davis Inc","Communication Services","Advertising Agencies","USA",1552.08,36.08,41.02,-5.29%,1128978
2723,"ZENA","ZenaTech Inc","Technology","Software - Infrastructure","Canada",98.57,,2.05,-2.38%,1764725
2724,"ZETA","Zeta Global Holdings Corp","Technology","Software - Infrastructure","USA",4272.28,,17.14,-0.81%,6574630
2725,"ZG","Zillow Group Inc","Communication Services","Internet Content & Information","USA",9512.55,167.22,41.94,-4.77%,1605344
2726,"ZIM","Zim Integrated Shipping Services Ltd","Industrials","Marine Shipping","Israel",3205.60,6.69,26.61,1.99%,859519
2727,"ZION","Zions Bancorporation N.A","Financial","Banks - Regional","USA",9193.24,9.72,62.50,-0.37%,1316685
2728,"ZIP","ZipRecruiter Inc","Communication Services","Internet Content & Information","USA",305.58,,3.62,16.77%,2080004
2729,"ZM","Zoom Communications Inc","Technology","Software - Application","USA",32180.57,17.58,109.21,0.78%,3771231
2730,"ZNTL","Zentalis Pharmaceuticals Inc","Healthcare","Biotechnology","USA",312.81,,4.41,4.26%,769536
2731,"ZONE","CleanCore Solutions Inc","Industrials","Pollution & Treatment Controls","USA",88.83,,0.42,17.19%,3861946
2732,"ZS","Zscaler Inc","Technology","Software - Infrastructure","USA",24461.09,,152.13,-0.43%,3522201
2733,"ZSL","ProShares UltraShort Silver -2x Shares","Financial","Exchange Traded Fund","USA",,,18.54,-3.84%,7874523
2734,"ZTO","ZTO Express (Cayman) Inc ADR","Industrials","Integrated Freight & Logistics","China",14005.20,16.20,25.05,-1.07%,4320557
2735,"ZTS","Zoetis Inc","Healthcare","Drug Manufacturers - Specialty & Generic","USA",34724.67,13.72,82.83,-5.13%,17187014
2736,"ZVRA","Zevra Therapeutics Inc","Healthcare","Biotechnology","USA",657.95,5.17,11.13,1.18%,2650226
2737,"ZWS","Zurn Elkay Water Solutions Corp","Industrials","Pollution & Treatment Controls","USA",8542.17,40.81,51.19,0.27%,966205
